{
    "pools": [
      {
        "rolls": 1,
        "entries": [
          {
            "type": "minecraft:loot_table",
            "name": "rctmod:generic/epic/battle",
            "weight": 1
          },
          {
            "type": "minecraft:loot_table",
            "name": "rctmod:generic/epic/berries",
            "weight": 1
          },
          {
            "type": "minecraft:loot_table",
            "name": "rctmod:generic/epic/medicine",
            "weight": 1
          },
          {
            "type": "minecraft:loot_table",
            "name": "rctmod:generic/epic/nature",
            "weight": 1
          },
          {
            "type": "minecraft:loot_table",
            "name": "rctmod:generic/epic/pokeballs",
            "weight": 1
          },
          {
            "type": "minecraft:loot_table",
            "name": "rctmod:generic/epic/training",
            "weight": 1
          },
          {
            "type": "minecraft:loot_table",
            "name": "rctmod:generic/epic/vanilla",
            "weight": 1
          }
        ]
      }
    ]
  }
  