{
  "type": "minecraft:archaeology",
  "pools": [
    {
      "bonus_rolls": 0.0,
      "entries": [
        {
          "type": "minecraft:item",
          "name": "minecraft:copper_ingot",
          "weight": 10
        },
        {
          "type": "minecraft:item",
          "name": "minecraft:iron_ingot",
          "weight": 5
        },
        {
          "type": "minecraft:item",
          "name": "minecraft:gold_ingot",
          "weight": 1
        },
        {
          "type": "minecraft:item",
          "name": "cobblemon:relic_coin",
          "weight": 25
        },
        {
          "type": "minecraft:item",
          "name": "cobblemon:helix_sherd",
          "weight": 1
        },
        {
          "type": "minecraft:item",
          "name": "mega_showdown:scroll_of_darkness",
          "weight": 1
        },
        {
          "type": "minecraft:item",
          "name": "mega_showdown:scroll_of_waters",
          "weight": 1
        },
        {
          "type": "minecraft:item",
          "name": "cobblemon:psychic_gem",
          "weight": 5
        },
        {
          "type": "minecraft:item",
          "name": "cobblemon:fire_gem",
          "weight": 5
        },
        {
          "type": "minecraft:item",
          "name": "cobblemon:rock_gem",
          "weight": 5
        }
      ],
      "rolls": 1.0
    }
  ],
  "random_sequence": "cobblemon:ruins/common/sol_henge_ruins"
}
