{
  "species": "cobblemon:greavard",
  "order": 0,
  "variations": [
    {
      "aspects": [],
      "poser": "cobblemon:greavard",
      "model": "cobblemon:greavard.geo",
      "texture": "cobblemon:textures/pokemon/greavard/greavard.png",
      "layers": [
        {
              "name": "emissive",
              "emissive": true,
              "texture": "cobblemon:textures/pokemon/greavard/greavard_emissive.png",
              "translucent": false
        }
      ]
    },
    {
      "aspects": [
        "shiny"
      ],
      "texture": "cobblemon:textures/pokemon/greavard/greavard_shiny.png",
      "layers": [
        {
              "name": "emissive",
              "emissive": true,
              "texture": "cobblemon:textures/pokemon/greavard/greavard_emissive.png",
              "translucent": false
        }
      ]
    }
  ]
}