{
  "portraitScale": 2.18,
  "portraitTranslation": [0.47, 0, 0],
  "profileScale": 0.96,
  "profileTranslation": [0.029, 0.28, 0],
   "rootBone": "mew2",
  "animations": {
    "faint": "q.bedrock_primary('mew2', 'sleep', q.curve('one'))",
    "cry": "q.bedrock_stateful('mew2', 'cry')",
    "recoil": "q.bedrock_stateful('mew2', 'recoil')",
    "physical": "q.bedrock_stateful('mew2', 'cry', q.curve('symmetrical_wide'))",
    "special": "q.bedrock_stateful('mew2', 'cry', q.curve('symmetrical_wide'))",
    "status": "q.bedrock_stateful('mew2', 'cry', q.curve('symmetrical_wide'))"
  },
  "poses": {
    "battle-standing": {
      "poseTypes": ["STAND", "FLOAT", "HOVER"],
      "isBattle": true,
      "animations": [
        "q.look('head')",
        "q.bedrock('mew2', 'battle_idle')"
      ],
      "quirks": [
        "q.bedrock_quirk('mew2', 'blink')"
      ]
    },
    "standing": {
      "poseTypes": ["STAND", "NONE", "PORTRAIT", "PROFILE", "FLOAT", "HOVER"],
      "isBattle": false,
      "animations": [
        "q.look('head')",
        "q.bedrock('mew2', 'ground_idle')"
      ],
      "quirks": [
        "q.bedrock_quirk('mew2', 'blink')",
        "q.bedrock_quirk('mew2', 'quirk', 20, 60, 1)"
      ]
    },
    "walking": {
      "poseTypes": ["WALK","FLY","SWIM"],
      "animations": [
        "q.look('head')",
        "q.bedrock('mew2', 'ground_walk')"
      ],
      "quirks": ["q.bedrock_quirk('mew2', 'blink')"]
    },
    "sleep": {
      "poseTypes": ["SLEEP"],
      "animations": ["q.bedrock('mew2', 'sleep')"]
    },
		        "shoulderright": {
            "poseName": "shoulderright",
            "transformTicks": 10,
            "poseTypes": [
                "SHOULDER_RIGHT"
            ],
            "animations": [
                "bedrock(mew2, shoulder_right)"
            ]
        }
  }
}
