{
	"credit": "Made with Blockbench",
	"texture_size": [32, 32],
	"textures": {
		"0": "block/custom/nhelio",
		"particle": "block/custom/nhelio"
	},
	"elements": [
		{
			"name": "hatbase",
			"from": [4.5, 6, 4.5],
			"to": [11.5, 9, 11.5],
			"rotation": {"angle": 0, "axis": "y", "origin": [8, 5.75, 5]},
			"faces": {
				"north": {"uv": [8.5, 6, 12, 7.5], "texture": "#0"},
				"east": {"uv": [0, 9.5, 3.5, 11], "texture": "#0"},
				"south": {"uv": [3.5, 9.5, 7, 11], "texture": "#0"},
				"west": {"uv": [7, 9.5, 10.5, 11], "texture": "#0"},
				"up": {"uv": [3.5, 3.5, 0, 0], "texture": "#0"},
				"down": {"uv": [3.5, 3.5, 0, 7], "texture": "#0"}
			}
		},
		{
			"name": "brimF",
			"from": [3, 3.75, 4.5],
			"to": [13, 6, 4.5],
			"rotation": {"angle": 45, "axis": "x", "origin": [8, 6, 4.5]},
			"faces": {
				"north": {"uv": [3.5, 5, 8.5, 6.25], "texture": "#0"},
				"east": {"uv": [0, 0, 0, 1.25], "texture": "#0"},
				"south": {"uv": [3.5, 6.5, 8.5, 7.75], "texture": "#0"},
				"west": {"uv": [0, 0, 0, 1.25], "texture": "#0"},
				"up": {"uv": [5, 0, 0, 0], "texture": "#0"},
				"down": {"uv": [5, 0, 0, 0], "texture": "#0"}
			}
		},
		{
			"name": "brimB",
			"from": [3, 3.75, 11.5],
			"to": [13, 6, 11.5],
			"rotation": {"angle": -45, "axis": "x", "origin": [8, 6, 11.5]},
			"faces": {
				"north": {"uv": [5, 8, 10, 9.25], "texture": "#0"},
				"east": {"uv": [0, 0, 0, 1.25], "texture": "#0"},
				"south": {"uv": [8.5, 4.5, 13.5, 5.75], "texture": "#0"},
				"west": {"uv": [0, 0, 0, 1.25], "texture": "#0"},
				"up": {"uv": [5, 0, 0, 0], "texture": "#0"},
				"down": {"uv": [5, 0, 0, 0], "texture": "#0"}
			}
		},
		{
			"name": "brimL",
			"from": [4.5, 3.75, 3],
			"to": [4.5, 6, 13],
			"rotation": {"angle": -45, "axis": "z", "origin": [4.5, 6, 8]},
			"faces": {
				"north": {"uv": [0, 0, 0, 1.25], "texture": "#0"},
				"east": {"uv": [7, 0, 12, 1.25], "texture": "#0"},
				"south": {"uv": [0, 0, 0, 1.25], "texture": "#0"},
				"west": {"uv": [7, 1.5, 12, 2.75], "texture": "#0"},
				"up": {"uv": [0, 5, 0, 0], "texture": "#0"},
				"down": {"uv": [0, 0, 0, 5], "texture": "#0"}
			}
		},
		{
			"name": "brimR",
			"from": [11.5, 3.75, 3],
			"to": [11.5, 6, 13],
			"rotation": {"angle": 45, "axis": "z", "origin": [11.5, 6, 8]},
			"faces": {
				"north": {"uv": [0, 0, 0, 1.25], "texture": "#0"},
				"east": {"uv": [7, 3, 12, 4.25], "texture": "#0"},
				"south": {"uv": [0, 0, 0, 1.25], "texture": "#0"},
				"west": {"uv": [0, 8, 5, 9.25], "texture": "#0"},
				"up": {"uv": [0, 5, 0, 0], "texture": "#0"},
				"down": {"uv": [0, 0, 0, 5], "texture": "#0"}
			}
		}
	],
	"display": {
		"thirdperson_righthand": {
			"rotation": [40, 0, 0],
			"translation": [0, 1.5, 0],
			"scale": [0.7, 0.7, 0.7]
		},
		"thirdperson_lefthand": {
			"rotation": [40, 0, 0],
			"translation": [0, 1.5, 0],
			"scale": [0.7, 0.7, 0.7]
		},
		"firstperson_righthand": {
			"rotation": [40, 105, -40],
			"translation": [0, 4.25, 0],
			"scale": [0.8, 0.8, 0.8]
		},
		"firstperson_lefthand": {
			"rotation": [40, 105, -40],
			"translation": [0, 4.25, 0],
			"scale": [0.8, 0.8, 0.8]
		},
		"ground": {
			"scale": [0.6, 0.6, 0.6]
		},
		"gui": {
			"rotation": [-160, 40, -180],
			"translation": [0, 1, 0],
			"scale": [0.85, 0.85, 0.85]
		},
		"head": {
			"rotation": [15, 0, 0],
			"translation": [0, 7.25, 1.25],
			"scale": [2.35, 2.35, 2.35]
		},
		"fixed": {
			"rotation": [-90, 0, 0],
			"translation": [0, 0, -7.5],
			"scale": [2, 2, 2]
		}
	},
	"groups": [
		{
			"name": "hat",
			"origin": [11.5, 6, 8],
			"color": 0,
			"children": [0, 1, 2, 3, 4]
		},
		{
			"name": "hair",
			"origin": [8, 6, 4.5],
			"color": 0,
			"children": []
		}
	]
}