{
	"credit": "Made with Blockbench",
	"texture_size": [64, 64],
	"textures": {
		"0": "block/custom/natehat",
		"particle": "block/custom/natehat"
	},
	"elements": [
		{
			"name": "hatBrim",
			"from": [4.5, 0, 1.5],
			"to": [11.5, 0, 4.5],
			"faces": {
				"north": {"uv": [0, 0, 1.75, 0], "texture": "#0"},
				"east": {"uv": [0, 0, 0.75, 0], "texture": "#0"},
				"south": {"uv": [0, 0, 1.75, 0], "texture": "#0"},
				"west": {"uv": [0, 0, 0.75, 0], "texture": "#0"},
				"up": {"uv": [3.25, 6.25, 1.5, 5.5], "texture": "#0"},
				"down": {"uv": [5, 6, 3.25, 6.75], "texture": "#0"}
			}
		},
		{
			"name": "hatF",
			"from": [4.5, 0, 4.5],
			"to": [11.5, 2.5, 6],
			"faces": {
				"north": {"uv": [5, 6, 6.75, 6.625], "texture": "#0"},
				"east": {"uv": [6.25, 7.25, 6.625, 7.875], "texture": "#0"},
				"south": {"uv": [0, 6.25, 1.75, 6.875], "texture": "#0"},
				"west": {"uv": [0, 7.75, 0.375, 8.375], "texture": "#0"},
				"up": {"uv": [8.5, 3.125, 6.75, 2.75], "texture": "#0"},
				"down": {"uv": [5, 6.75, 3.25, 7.125], "texture": "#0"}
			}
		},
		{
			"name": "hatB",
			"from": [4.5, 0, 6],
			"to": [11.5, 1.5, 11.75],
			"faces": {
				"north": {"uv": [5, 6.75, 6.75, 7.125], "texture": "#0"},
				"east": {"uv": [1, 7.25, 2.5, 7.625], "texture": "#0"},
				"south": {"uv": [6.75, 5.75, 8.5, 6.125], "texture": "#0"},
				"west": {"uv": [2.5, 7.25, 4, 7.625], "texture": "#0"},
				"up": {"uv": [3.5, 1.5, 1.75, 0], "texture": "#0"},
				"down": {"uv": [3.5, 1.5, 1.75, 3], "texture": "#0"}
			}
		},
		{
			"name": "hairBase",
			"from": [4.75, 0.75, 5],
			"to": [11.25, 3.25, 11.5],
			"faces": {
				"north": {"uv": [6.25, 3.5, 7.875, 4.125], "texture": "#0"},
				"east": {"uv": [6.25, 4.25, 7.875, 4.875], "texture": "#0"},
				"south": {"uv": [6.25, 5, 7.875, 5.625], "texture": "#0"},
				"west": {"uv": [6.5, 0, 8.125, 0.625], "texture": "#0"},
				"up": {"uv": [1.625, 1.625, 0, 0], "texture": "#0"},
				"down": {"uv": [1.625, 1.75, 0, 3.375], "texture": "#0"}
			}
		},
		{
			"name": "hairCowlick",
			"from": [4.75, 6.1, 7.35],
			"to": [11.25, 9.6, 7.35],
			"rotation": {"angle": 22.5, "axis": "x", "origin": [0, 0, 0]},
			"faces": {
				"north": {"uv": [5, 2.5, 6.625, 3.375], "texture": "#0"},
				"east": {"uv": [0, 0, 0, 0.875], "texture": "#0"},
				"south": {"uv": [3.25, 5, 4.875, 5.875], "texture": "#0"},
				"west": {"uv": [0, 0, 0, 0.875], "texture": "#0"},
				"up": {"uv": [1.625, 0, 0, 0], "texture": "#0"},
				"down": {"uv": [1.625, 0, 0, 0], "texture": "#0"}
			}
		},
		{
			"name": "bangL",
			"from": [3.25, 1, 4.25],
			"to": [6.75, 4, 4.25],
			"rotation": {"angle": -22.5, "axis": "y", "origin": [5.5, 3, 5.5]},
			"faces": {
				"north": {"uv": [6.75, 6.25, 7.625, 7], "texture": "#0"},
				"east": {"uv": [0, 0, 0, 0.75], "texture": "#0"},
				"south": {"uv": [0, 7, 0.875, 7.75], "texture": "#0"},
				"west": {"uv": [0, 0, 0, 0.75], "texture": "#0"},
				"up": {"uv": [0.875, 0, 0, 0], "texture": "#0"},
				"down": {"uv": [0.875, 0, 0, 0], "texture": "#0"}
			}
		},
		{
			"name": "hairL1",
			"from": [0.8, 0.6, 5.65],
			"to": [7.3, 5.35, 5.65],
			"rotation": {"angle": 45, "axis": "z", "origin": [5.5, 3, 5.5]},
			"faces": {
				"north": {"uv": [5.125, 0, 3.5, 1.25], "texture": "#0"},
				"east": {"uv": [0, 0, 0, 1.25], "texture": "#0"},
				"south": {"uv": [5.125, 1.25, 3.5, 2.5], "texture": "#0"},
				"west": {"uv": [0, 0, 0, 1.25], "texture": "#0"},
				"up": {"uv": [0, 0, 1.625, 0], "texture": "#0"},
				"down": {"uv": [0, 0, 1.625, 0], "texture": "#0"}
			}
		},
		{
			"name": "hairL2",
			"from": [1, -0.1, 7.4],
			"to": [6.25, 4.9, 7.4],
			"rotation": {"angle": 22.5, "axis": "y", "origin": [5.5, 3, 5.5]},
			"faces": {
				"north": {"uv": [3.125, 4.25, 1.75, 5.5], "texture": "#0"},
				"east": {"uv": [0, 0, 0, 1.25], "texture": "#0"},
				"south": {"uv": [1.375, 4.75, 0, 6], "texture": "#0"},
				"west": {"uv": [0, 0, 0, 1.25], "texture": "#0"},
				"up": {"uv": [0, 0, 1.375, 0], "texture": "#0"},
				"down": {"uv": [0, 0, 1.375, 0], "texture": "#0"}
			}
		},
		{
			"name": "hairL3",
			"from": [-2, -0.1, 8.65],
			"to": [2.5, 4.9, 8.65],
			"rotation": {"angle": 45, "axis": "y", "origin": [5.5, 3, 5.5]},
			"faces": {
				"north": {"uv": [6.375, 0, 5.25, 1.25], "texture": "#0"},
				"east": {"uv": [0, 0, 0, 1.25], "texture": "#0"},
				"south": {"uv": [6.375, 1.25, 5.25, 2.5], "texture": "#0"},
				"west": {"uv": [0, 0, 0, 1.25], "texture": "#0"},
				"up": {"uv": [0, 0, 1.125, 0], "texture": "#0"},
				"down": {"uv": [0, 0, 1.125, 0], "texture": "#0"}
			}
		},
		{
			"name": "hairL4",
			"from": [0.15, -5, 10.5],
			"to": [2.9, -1, 10.5],
			"rotation": {"angle": 45, "axis": "y", "origin": [5.5, 3, 5.5]},
			"faces": {
				"north": {"uv": [7.25, 0.75, 6.5, 1.75], "texture": "#0"},
				"east": {"uv": [0, 0, 0, 1], "texture": "#0"},
				"south": {"uv": [7.5, 1.75, 6.75, 2.75], "texture": "#0"},
				"west": {"uv": [0, 0, 0, 1], "texture": "#0"},
				"up": {"uv": [0, 0.75, 0, 0], "rotation": 90, "texture": "#0"},
				"down": {"uv": [0, 0, 0, 0.75], "rotation": 270, "texture": "#0"}
			}
		},
		{
			"name": "sideburnL",
			"from": [4.25, -3.25, 6.15],
			"to": [6.75, 0.25, 6.15],
			"rotation": {"angle": -22.5, "axis": "z", "origin": [5.5, 3, 5.5]},
			"faces": {
				"north": {"uv": [6.125, 7.25, 5.5, 8.125], "texture": "#0"},
				"east": {"uv": [0, 0, 0, 0.875], "texture": "#0"},
				"south": {"uv": [8.125, 1.5, 7.5, 2.375], "texture": "#0"},
				"west": {"uv": [0, 0, 0, 0.875], "texture": "#0"},
				"up": {"uv": [0, 0, 0.625, 0], "texture": "#0"},
				"down": {"uv": [0, 0, 0.625, 0], "texture": "#0"}
			}
		},
		{
			"name": "bangR",
			"from": [9.25, 1, 4.25],
			"to": [12.75, 4, 4.25],
			"rotation": {"angle": 22.5, "axis": "y", "origin": [10.5, 3, 5.5]},
			"faces": {
				"north": {"uv": [7.625, 6.25, 6.75, 7], "texture": "#0"},
				"east": {"uv": [0, 0, 0, 0.75], "texture": "#0"},
				"south": {"uv": [0.875, 7, 0, 7.75], "texture": "#0"},
				"west": {"uv": [0, 0, 0, 0.75], "texture": "#0"},
				"up": {"uv": [0, 0, 0.875, 0], "texture": "#0"},
				"down": {"uv": [0, 0, 0.875, 0], "texture": "#0"}
			}
		},
		{
			"name": "hairR1",
			"from": [8.7, 0.6, 5.65],
			"to": [15.2, 5.35, 5.65],
			"rotation": {"angle": -45, "axis": "z", "origin": [10.5, 3, 5.5]},
			"faces": {
				"north": {"uv": [3.5, 0, 5.125, 1.25], "texture": "#0"},
				"east": {"uv": [0, 0, 0, 1.25], "texture": "#0"},
				"south": {"uv": [3.5, 1.25, 5.125, 2.5], "texture": "#0"},
				"west": {"uv": [0, 0, 0, 1.25], "texture": "#0"},
				"up": {"uv": [1.625, 0, 0, 0], "texture": "#0"},
				"down": {"uv": [1.625, 0, 0, 0], "texture": "#0"}
			}
		},
		{
			"name": "hairR2",
			"from": [9.75, -0.1, 7.4],
			"to": [15, 4.9, 7.4],
			"rotation": {"angle": -22.5, "axis": "y", "origin": [10.5, 3, 5.5]},
			"faces": {
				"north": {"uv": [1.75, 4.25, 3.125, 5.5], "texture": "#0"},
				"east": {"uv": [0, 0, 0, 1.25], "texture": "#0"},
				"south": {"uv": [0, 4.75, 1.375, 6], "texture": "#0"},
				"west": {"uv": [0, 0, 0, 1.25], "texture": "#0"},
				"up": {"uv": [1.375, 0, 0, 0], "texture": "#0"},
				"down": {"uv": [1.375, 0, 0, 0], "texture": "#0"}
			}
		},
		{
			"name": "hairR3",
			"from": [13.5, -0.1, 8.65],
			"to": [18, 4.9, 8.65],
			"rotation": {"angle": -45, "axis": "y", "origin": [10.5, 3, 5.5]},
			"faces": {
				"north": {"uv": [5.25, 0, 6.375, 1.25], "texture": "#0"},
				"east": {"uv": [0, 0, 0, 1.25], "texture": "#0"},
				"south": {"uv": [5.25, 1.25, 6.375, 2.5], "texture": "#0"},
				"west": {"uv": [0, 0, 0, 1.25], "texture": "#0"},
				"up": {"uv": [1.125, 0, 0, 0], "texture": "#0"},
				"down": {"uv": [1.125, 0, 0, 0], "texture": "#0"}
			}
		},
		{
			"name": "hairR4",
			"from": [13.1, -5, 10.5],
			"to": [15.85, -1, 10.5],
			"rotation": {"angle": -45, "axis": "y", "origin": [10.5, 3, 5.5]},
			"faces": {
				"north": {"uv": [6.5, 0.75, 7.25, 1.75], "texture": "#0"},
				"east": {"uv": [0, 0, 0, 1], "texture": "#0"},
				"south": {"uv": [6.75, 1.75, 7.5, 2.75], "texture": "#0"},
				"west": {"uv": [0, 0, 0, 1], "texture": "#0"},
				"up": {"uv": [0, 0, 0, 0.75], "rotation": 90, "texture": "#0"},
				"down": {"uv": [0, 0.75, 0, 0], "rotation": 270, "texture": "#0"}
			}
		},
		{
			"name": "sideburnR",
			"from": [9.5, -3, 6.15],
			"to": [12, 0.5, 6.15],
			"rotation": {"angle": 22.5, "axis": "z", "origin": [10.5, 3, 5.5]},
			"faces": {
				"north": {"uv": [5.5, 7.25, 6.125, 8.125], "texture": "#0"},
				"east": {"uv": [0, 0, 0, 0.875], "texture": "#0"},
				"south": {"uv": [7.5, 1.5, 8.125, 2.375], "texture": "#0"},
				"west": {"uv": [0, 0, 0, 0.875], "texture": "#0"},
				"up": {"uv": [0.625, 0, 0, 0], "texture": "#0"},
				"down": {"uv": [0.625, 0, 0, 0], "texture": "#0"}
			}
		}
	],
	"display": {
		"thirdperson_righthand": {
			"rotation": [45, 0, 0],
			"translation": [0, 4.5, 3],
			"scale": [0.7, 0.7, 0.7]
		},
		"thirdperson_lefthand": {
			"rotation": [45, 0, 0],
			"translation": [0, 4.5, 3],
			"scale": [0.7, 0.7, 0.7]
		},
		"firstperson_righthand": {
			"rotation": [0, 130, 0],
			"translation": [0, 8.5, 0],
			"scale": [0.8, 0.8, 0.8]
		},
		"firstperson_lefthand": {
			"rotation": [0, 130, 0],
			"translation": [0, 8.5, 0],
			"scale": [0.8, 0.8, 0.8]
		},
		"ground": {
			"translation": [0, 4.5, 0],
			"scale": [0.6, 0.6, 0.6]
		},
		"gui": {
			"rotation": [25, 145, 0],
			"translation": [0, 4.5, 0],
			"scale": [0.8, 0.8, 0.8]
		},
		"head": {
			"translation": [0, 16.5, -0.25],
			"scale": [2, 2, 2]
		},
		"fixed": {
			"rotation": [-90, 0, 0],
			"translation": [0, 0, -16],
			"scale": [2, 2, 2]
		}
	},
	"groups": [
		{
			"name": "hat",
			"origin": [0, 0, 0],
			"color": 0,
			"children": [0, 1, 2]
		},
		{
			"name": "hairMid",
			"origin": [0, 0, 0],
			"color": 0,
			"children": [3, 4]
		},
		{
			"name": "hairgroupL",
			"origin": [5.5, 3, 5.5],
			"color": 0,
			"children": [5, 6, 7, 8, 9, 10]
		},
		{
			"name": "hairgroupR",
			"origin": [10.5, 3, 5.5],
			"color": 0,
			"children": [11, 12, 13, 14, 15, 16]
		}
	]
}