{
	"credit": "Made with Blockbench",
	"texture_size": [64, 64],
	"textures": {
		"0": "block/custom/lilliehair",
		"particle": "block/custom/lilliehair"
	},
	"elements": [
		{
			"name": "bun",
			"from": [4, 12, 6.75],
			"to": [12, 16, 14.75],
			"rotation": {"angle": 0, "axis": "y", "origin": [7, 14, 9.75]},
			"faces": {
				"north": {"uv": [6.5, 3.5, 8.5, 4.5], "texture": "#0"},
				"east": {"uv": [6.5, 4.5, 8.5, 5.5], "texture": "#0"},
				"south": {"uv": [6.5, 5.5, 8.5, 6.5], "texture": "#0"},
				"west": {"uv": [6.5, 6.5, 8.5, 7.5], "texture": "#0"},
				"up": {"uv": [2, 2, 0, 0], "texture": "#0"},
				"down": {"uv": [2, 2, 0, 4], "texture": "#0"}
			}
		},
		{
			"name": "pony1",
			"from": [5.85, 11.25, 12.25],
			"to": [10.1, 18.25, 18.25],
			"rotation": {"angle": 0, "axis": "y", "origin": [7, 15.25, 16.75]},
			"faces": {
				"north": {"uv": [7.25, 1.25, 8.25, 3], "texture": "#0"},
				"east": {"uv": [3.5, 4, 5, 5.75], "texture": "#0"},
				"south": {"uv": [6, 7.5, 7, 9.25], "texture": "#0"},
				"west": {"uv": [5, 3.5, 6.5, 5.25], "texture": "#0"},
				"up": {"uv": [8, 9, 7, 7.5], "texture": "#0"},
				"down": {"uv": [1, 7.75, 0, 9.25], "texture": "#0"}
			}
		},
		{
			"name": "pony2",
			"from": [4.85, 4.78284, 14.07878],
			"to": [11.1, 11.78284, 18.82878],
			"rotation": {"angle": 0, "axis": "y", "origin": [7, 7.78284, 17.57878]},
			"faces": {
				"north": {"uv": [5, 5.25, 6.5, 7], "texture": "#0"},
				"east": {"uv": [0, 6, 1.25, 7.75], "texture": "#0"},
				"south": {"uv": [5.5, 0, 7, 1.75], "texture": "#0"},
				"west": {"uv": [6, 1.75, 7.25, 3.5], "texture": "#0"},
				"up": {"uv": [8.5, 1.25, 7, 0], "texture": "#0"},
				"down": {"uv": [6, 7, 4.5, 8.25], "texture": "#0"}
			}
		},
		{
			"name": "pony3",
			"from": [3.85, -1.41267, 14.35952],
			"to": [12.1, 6.58733, 19.85952],
			"rotation": {"angle": -22.5, "axis": "x", "origin": [7, 4.58733, 17.85952]},
			"faces": {
				"north": {"uv": [2, 0, 4, 2], "texture": "#0"},
				"east": {"uv": [0, 4, 1.5, 6], "texture": "#0"},
				"south": {"uv": [2, 2, 4, 4], "texture": "#0"},
				"west": {"uv": [4, 0, 5.5, 2], "texture": "#0"},
				"up": {"uv": [3.5, 5.5, 1.5, 4], "texture": "#0"},
				"down": {"uv": [6, 2, 4, 3.5], "texture": "#0"}
			}
		},
		{
			"name": "bangL",
			"from": [0.5, 0, 1.3],
			"to": [3.5, 12, 1.3],
			"rotation": {"angle": 0, "axis": "y", "origin": [1, 10, -0.7]},
			"faces": {
				"north": {"uv": [1.5, 5.5, 2.25, 8.5], "texture": "#0"},
				"east": {"uv": [0, 0, 0, 3], "texture": "#0"},
				"south": {"uv": [2.25, 5.5, 3, 8.5], "texture": "#0"},
				"west": {"uv": [0, 0, 0, 3], "texture": "#0"},
				"up": {"uv": [0.75, 0, 0, 0], "texture": "#0"},
				"down": {"uv": [0.75, 0, 0, 0], "texture": "#0"}
			}
		},
		{
			"name": "bangR",
			"from": [12.5, 0, 1.3],
			"to": [15.5, 12, 1.3],
			"rotation": {"angle": 0, "axis": "y", "origin": [13, 10, -0.7]},
			"faces": {
				"north": {"uv": [3, 5.75, 3.75, 8.75], "texture": "#0"},
				"east": {"uv": [0, 0, 0, 3], "texture": "#0"},
				"south": {"uv": [3.75, 5.75, 4.5, 8.75], "texture": "#0"},
				"west": {"uv": [0, 0, 0, 3], "texture": "#0"},
				"up": {"uv": [0.75, 0, 0, 0], "texture": "#0"},
				"down": {"uv": [0.75, 0, 0, 0], "texture": "#0"}
			}
		}
	],
	"display": {
		"thirdperson_righthand": {
			"rotation": [45, 180, 0],
			"translation": [0, -1.5, -0.5],
			"scale": [0.45, 0.45, 0.45]
		},
		"thirdperson_lefthand": {
			"rotation": [45, 180, 0],
			"translation": [0, -1.5, -0.5],
			"scale": [0.45, 0.45, 0.45]
		},
		"firstperson_righthand": {
			"scale": [0.45, 0.45, 0.45]
		},
		"firstperson_lefthand": {
			"scale": [0.45, 0.45, 0.45]
		},
		"ground": {
			"translation": [0, 3, 0],
			"scale": [0.45, 0.45, 0.45]
		}
	}
}