{
	"credit": "Made with Blockbench",
	"texture_size": [32, 32],
	"textures": {
		"0": "block/custom/rosahat",
		"particle": "block/custom/rosahat"
	},
	"elements": [
		{
			"name": "hatBrim",
			"from": [4.5, 0, 2],
			"to": [11.5, 0, 4.5],
			"faces": {
				"north": {"uv": [0, 0, 3.5, 0], "texture": "#0"},
				"east": {"uv": [0, 0, 1.25, 0], "texture": "#0"},
				"south": {"uv": [0, 0, 3.5, 0], "texture": "#0"},
				"west": {"uv": [0, 0, 1.25, 0], "texture": "#0"},
				"up": {"uv": [9.5, 6.75, 6, 5.5], "texture": "#0"},
				"down": {"uv": [3.5, 7, 0, 8.25], "texture": "#0"}
			}
		},
		{
			"name": "hatF",
			"from": [4.5, 0, 4.5],
			"to": [11.5, 3, 5.5],
			"faces": {
				"north": {"uv": [6, 2.5, 9.5, 4], "texture": "#0"},
				"east": {"uv": [5.5, 7.5, 6, 9], "texture": "#0"},
				"south": {"uv": [6, 4, 9.5, 5.5], "texture": "#0"},
				"west": {"uv": [9.5, 5, 10, 6.5], "texture": "#0"},
				"up": {"uv": [14.5, 4, 11, 3.5], "texture": "#0"},
				"down": {"uv": [14.5, 4, 11, 4.5], "texture": "#0"}
			}
		},
		{
			"name": "hatB",
			"from": [4.5, 0, 5.5],
			"to": [11.5, 1, 11.75],
			"faces": {
				"north": {"uv": [11, 2.5, 14.5, 3], "texture": "#0"},
				"east": {"uv": [11, 4.5, 14.25, 5], "texture": "#0"},
				"south": {"uv": [11, 3, 14.5, 3.5], "texture": "#0"},
				"west": {"uv": [11, 5, 14.25, 5.5], "texture": "#0"},
				"up": {"uv": [3.5, 3.25, 0, 0], "texture": "#0"},
				"down": {"uv": [3.5, 3.5, 0, 6.75], "texture": "#0"}
			}
		},
		{
			"name": "bangR",
			"from": [10.1, -5.5, 4.65],
			"to": [11.6, 0, 4.65],
			"rotation": {"angle": -22.5, "axis": "y", "origin": [10.5, 0, 5]},
			"faces": {
				"north": {"uv": [0, 11, 0.75, 13.75], "texture": "#0"},
				"east": {"uv": [0, 0, 0, 2.75], "texture": "#0"},
				"south": {"uv": [1, 11, 1.75, 13.75], "texture": "#0"},
				"west": {"uv": [0, 0, 0, 2.75], "texture": "#0"},
				"up": {"uv": [0.75, 0, 0, 0], "texture": "#0"},
				"down": {"uv": [0.75, 0, 0, 0], "texture": "#0"}
			}
		},
		{
			"name": "bangM",
			"from": [7, -2, 4.9],
			"to": [9, 0, 4.9],
			"faces": {
				"north": {"uv": [2, 11, 3, 12], "texture": "#0"},
				"east": {"uv": [0, 0, 0, 1], "texture": "#0"},
				"south": {"uv": [11, 5.5, 12, 6.5], "texture": "#0"},
				"west": {"uv": [0, 0, 0, 1], "texture": "#0"},
				"up": {"uv": [1, 0, 0, 0], "texture": "#0"},
				"down": {"uv": [1, 0, 0, 0], "texture": "#0"}
			}
		},
		{
			"name": "bangL",
			"from": [4.4, -5.5, 4.65],
			"to": [5.9, 0, 4.65],
			"rotation": {"angle": 22.5, "axis": "y", "origin": [5.5, 0, 5]},
			"faces": {
				"north": {"uv": [10, 5, 10.75, 7.75], "texture": "#0"},
				"east": {"uv": [0, 0, 0, 2.75], "texture": "#0"},
				"south": {"uv": [10, 8, 10.75, 10.75], "texture": "#0"},
				"west": {"uv": [0, 0, 0, 2.75], "texture": "#0"},
				"up": {"uv": [0.75, 0, 0, 0], "texture": "#0"},
				"down": {"uv": [0.75, 0, 0, 0], "texture": "#0"}
			}
		},
		{
			"name": "puffL",
			"from": [2.5, -1, 7],
			"to": [5.25, 4, 12],
			"faces": {
				"north": {"uv": [8.5, 0, 10, 2.5], "texture": "#0"},
				"east": {"uv": [3.5, 0, 6, 2.5], "texture": "#0"},
				"south": {"uv": [2, 8.5, 3.5, 11], "texture": "#0"},
				"west": {"uv": [3.5, 2.5, 6, 5], "texture": "#0"},
				"up": {"uv": [11, 5, 9.5, 2.5], "texture": "#0"},
				"down": {"uv": [7, 9.5, 5.5, 12], "texture": "#0"}
			}
		},
		{
			"name": "hairL1",
			"from": [5.5, -2.75, 10.65],
			"to": [6.5, -0.25, 10.65],
			"rotation": {"angle": -22.5, "axis": "x", "origin": [6, 1.75, 9.9]},
			"faces": {
				"north": {"uv": [10, 11, 10.5, 12.25], "texture": "#0"},
				"east": {"uv": [0, 0, 0, 1.25], "texture": "#0"},
				"south": {"uv": [10.5, 11, 11, 12.25], "texture": "#0"},
				"west": {"uv": [0, 0, 0, 1.25], "texture": "#0"},
				"up": {"uv": [0.5, 0, 0, 0], "texture": "#0"},
				"down": {"uv": [0.5, 0, 0, 0], "texture": "#0"}
			}
		},
		{
			"name": "hairL2",
			"from": [4.5, -3.62006, 12.31491],
			"to": [6.5, -2.12006, 12.31491],
			"rotation": {"angle": 0, "axis": "y", "origin": [6, -2.23402, 12.25149]},
			"faces": {
				"north": {"uv": [11, 8.5, 12, 9.25], "texture": "#0"},
				"east": {"uv": [0, 0, 0, 0.75], "texture": "#0"},
				"south": {"uv": [11, 9.5, 12, 10.25], "texture": "#0"},
				"west": {"uv": [0, 0, 0, 0.75], "texture": "#0"},
				"up": {"uv": [1, 0, 0, 0], "texture": "#0"},
				"down": {"uv": [1, 0, 0, 0], "texture": "#0"}
			}
		},
		{
			"name": "hairL3",
			"from": [3, -8.62006, 12.31491],
			"to": [6.5, -3.62006, 12.31491],
			"rotation": {"angle": -22.5, "axis": "x", "origin": [6, -3.63402, 12.25149]},
			"faces": {
				"north": {"uv": [6, 7, 7.75, 9.5], "texture": "#0"},
				"east": {"uv": [0, 0, 0, 2.5], "texture": "#0"},
				"south": {"uv": [3.5, 7.5, 5.25, 10], "texture": "#0"},
				"west": {"uv": [0, 0, 0, 2.5], "texture": "#0"},
				"up": {"uv": [1.75, 0, 0, 0], "texture": "#0"},
				"down": {"uv": [1.75, 0, 0, 0], "texture": "#0"}
			}
		},
		{
			"name": "hairR3",
			"from": [9.5, -8.62006, 12.31491],
			"to": [13, -3.62006, 12.31491],
			"rotation": {"angle": -22.5, "axis": "x", "origin": [10, -3.63402, 12.25149]},
			"faces": {
				"north": {"uv": [8, 7, 9.75, 9.5], "texture": "#0"},
				"east": {"uv": [0, 0, 0, 2.5], "texture": "#0"},
				"south": {"uv": [0, 8.5, 1.75, 11], "texture": "#0"},
				"west": {"uv": [0, 0, 0, 2.5], "texture": "#0"},
				"up": {"uv": [1.75, 0, 0, 0], "texture": "#0"},
				"down": {"uv": [1.75, 0, 0, 0], "texture": "#0"}
			}
		},
		{
			"name": "puffR",
			"from": [10.75, -1, 7],
			"to": [13.5, 4, 12],
			"rotation": {"angle": 0, "axis": "y", "origin": [16, 0, 0]},
			"faces": {
				"north": {"uv": [7, 9.5, 8.5, 12], "texture": "#0"},
				"east": {"uv": [3.5, 5, 6, 7.5], "texture": "#0"},
				"south": {"uv": [8.5, 9.5, 10, 12], "texture": "#0"},
				"west": {"uv": [6, 0, 8.5, 2.5], "texture": "#0"},
				"up": {"uv": [11.5, 2.5, 10, 0], "texture": "#0"},
				"down": {"uv": [5, 10, 3.5, 12.5], "texture": "#0"}
			}
		},
		{
			"name": "hairR1",
			"from": [9.5, -2.75, 10.65],
			"to": [10.5, -0.25, 10.65],
			"rotation": {"angle": -22.5, "axis": "x", "origin": [10, 1.75, 9.9]},
			"faces": {
				"north": {"uv": [5, 10, 5.5, 11.25], "texture": "#0"},
				"east": {"uv": [0, 0, 0, 1.25], "texture": "#0"},
				"south": {"uv": [3, 11, 3.5, 12.25], "texture": "#0"},
				"west": {"uv": [0, 0, 0, 1.25], "texture": "#0"},
				"up": {"uv": [0.5, 0, 0, 0], "texture": "#0"},
				"down": {"uv": [0.5, 0, 0, 0], "texture": "#0"}
			}
		},
		{
			"name": "hairR2",
			"from": [9.5, -3.62006, 12.31491],
			"to": [11.5, -2.12006, 12.31491],
			"rotation": {"angle": 0, "axis": "y", "origin": [10, -2.23402, 12.25149]},
			"faces": {
				"north": {"uv": [11, 6.5, 12, 7.25], "texture": "#0"},
				"east": {"uv": [0, 0, 0, 0.75], "texture": "#0"},
				"south": {"uv": [11, 7.5, 12, 8.25], "texture": "#0"},
				"west": {"uv": [0, 0, 0, 0.75], "texture": "#0"},
				"up": {"uv": [1, 0, 0, 0], "texture": "#0"},
				"down": {"uv": [1, 0, 0, 0], "texture": "#0"}
			}
		}
	],
	"display": {
		"thirdperson_righthand": {
			"rotation": [40, 0, 0],
			"translation": [0, 4, 2.5],
			"scale": [0.5, 0.5, 0.5]
		},
		"thirdperson_lefthand": {
			"rotation": [40, 0, 0],
			"translation": [0, 4, 2.5],
			"scale": [0.5, 0.5, 0.5]
		},
		"firstperson_righthand": {
			"rotation": [15, 130, -10],
			"translation": [0, 9.25, 0],
			"scale": [0.8, 0.8, 0.8]
		},
		"firstperson_lefthand": {
			"rotation": [15, 130, -10],
			"translation": [0, 9.25, 0],
			"scale": [0.8, 0.8, 0.8]
		},
		"ground": {
			"translation": [0, 6.5, 0],
			"scale": [0.6, 0.6, 0.6]
		},
		"gui": {
			"rotation": [20, 160, 0],
			"translation": [-0.5, 5.75, 0],
			"scale": [0.75, 0.75, 0.75]
		},
		"head": {
			"translation": [0, 17.5, -0.5],
			"scale": [2, 2, 2]
		},
		"fixed": {
			"rotation": [-90, 0, 0],
			"translation": [0, 0, -18],
			"scale": [2, 2, 2]
		}
	},
	"groups": [
		{
			"name": "hat",
			"origin": [0, 0, 0],
			"color": 0,
			"children": [0, 1, 2]
		},
		{
			"name": "bangs",
			"origin": [5.5, 0, 5],
			"color": 0,
			"children": [3, 4, 5]
		},
		{
			"name": "hairL",
			"origin": [6, -2.23402, 12.25149],
			"color": 0,
			"children": [6, 7, 8, 9]
		},
		{
			"name": "hairR",
			"origin": [10, -2.23402, 12.25149],
			"color": 0,
			"children": [10, 11, 12, 13]
		}
	]
}