{
	"credit": "Made with Blockbench",
	"texture_size": [32, 32],
	"textures": {
		"0": "block/custom/nemonahair",
		"particle": "block/custom/nemonahair"
	},
	"elements": [
		{
			"name": "fringe1",
			"from": [0.5, 9.75, 3],
			"to": [8.5, 15.75, 3],
			"rotation": {"angle": -22.5, "axis": "z", "origin": [8.5, 9.75, 3]},
			"faces": {
				"north": {"uv": [7, 6.5, 11, 9.5], "texture": "#0"},
				"east": {"uv": [0, 0, 0, 3], "texture": "#0"},
				"south": {"uv": [9, 0, 13, 3], "texture": "#0"},
				"west": {"uv": [0, 0, 0, 3], "texture": "#0"},
				"up": {"uv": [4, 0, 0, 0], "texture": "#0"},
				"down": {"uv": [4, 0, 0, 0], "texture": "#0"}
			}
		},
		{
			"name": "fringe2",
			"from": [1, 0.5, 3.05],
			"to": [8, 13.5, 3.05],
			"rotation": {"angle": 0, "axis": "y", "origin": [8, 8.5, 3.05]},
			"faces": {
				"north": {"uv": [0, 0, 3.5, 6.5], "texture": "#0"},
				"east": {"uv": [0, 0, 0, 6.5], "texture": "#0"},
				"south": {"uv": [3.5, 0, 7, 6.5], "texture": "#0"},
				"west": {"uv": [0, 0, 0, 6.5], "texture": "#0"},
				"up": {"uv": [3.5, 0, 0, 0], "texture": "#0"},
				"down": {"uv": [3.5, 0, 0, 0], "texture": "#0"}
			}
		},
		{
			"name": "pony1",
			"from": [6.25, 10.55, 11.5],
			"to": [9.75, 14.05, 15.5],
			"rotation": {"angle": -45, "axis": "x", "origin": [7, 11.3, 12.5]},
			"faces": {
				"north": {"uv": [9.5, 9.5, 11.5, 11.5], "texture": "#0"},
				"east": {"uv": [11, 5, 13, 7], "texture": "#0"},
				"south": {"uv": [11, 7, 13, 9], "texture": "#0"},
				"west": {"uv": [11.5, 3, 13.5, 5], "texture": "#0"},
				"up": {"uv": [9, 13.5, 7, 11.5], "texture": "#0"},
				"down": {"uv": [11, 11.5, 9, 13.5], "texture": "#0"}
			}
		},
		{
			"name": "pony2",
			"from": [5.5, 3, 13.25],
			"to": [10.5, 16, 17.25],
			"rotation": {"angle": -22.5, "axis": "x", "origin": [7, 13.25, 14.25]},
			"faces": {
				"north": {"uv": [0, 6.5, 2.5, 13], "texture": "#0"},
				"east": {"uv": [5, 6.5, 7, 13], "texture": "#0"},
				"south": {"uv": [2.5, 6.5, 5, 13], "texture": "#0"},
				"west": {"uv": [7, 0, 9, 6.5], "texture": "#0"},
				"up": {"uv": [11.5, 5, 9, 3], "texture": "#0"},
				"down": {"uv": [9.5, 9.5, 7, 11.5], "texture": "#0"}
			}
		}
	],
	"display": {
		"thirdperson_righthand": {
			"translation": [0, -1, 0],
			"scale": [0.35, 0.35, 0.35]
		},
		"thirdperson_lefthand": {
			"translation": [0, -1, 0],
			"scale": [0.35, 0.35, 0.35]
		},
		"head": {
			"scale": [1.3, 1.3, 1.3]
		}
	}
}