{
	"credit": "Made with Blockbench",
	"texture_size": [32, 32],
	"textures": {
		"0": "block/custom/hildahat",
		"particle": "block/custom/hildahat"
	},
	"elements": [
		{
			"name": "hatF",
			"from": [4.5, 0, 4.5],
			"to": [11.5, 4, 8],
			"faces": {
				"north": {"uv": [5, 5, 8.5, 7], "texture": "#0"},
				"east": {"uv": [12, 0, 13.75, 2], "texture": "#0"},
				"south": {"uv": [0, 6, 3.5, 8], "texture": "#0"},
				"west": {"uv": [12, 4.5, 13.75, 6.5], "texture": "#0"},
				"up": {"uv": [12, 6.75, 8.5, 5], "texture": "#0"},
				"down": {"uv": [12.5, 2.5, 9, 4.25], "texture": "#0"}
			}
		},
		{
			"name": "hatB",
			"from": [4.5, 2, 8],
			"to": [11.5, 3.75, 11.5],
			"faces": {
				"north": {"uv": [12.5, 2, 16, 3], "texture": "#0"},
				"east": {"uv": [12.5, 13, 14.25, 14], "texture": "#0"},
				"south": {"uv": [12.5, 3, 16, 4], "texture": "#0"},
				"west": {"uv": [8.5, 13.5, 10.25, 14.5], "texture": "#0"},
				"up": {"uv": [6.5, 11.25, 3, 9.5], "texture": "#0"},
				"down": {"uv": [10, 9.5, 6.5, 11.25], "texture": "#0"}
			}
		},
		{
			"name": "hatL",
			"from": [4.5, 0, 8],
			"to": [7, 2, 11.5],
			"faces": {
				"north": {"uv": [3.5, 6, 4.75, 7], "texture": "#0"},
				"east": {"uv": [13.5, 8.5, 15.25, 9.5], "texture": "#0"},
				"south": {"uv": [14, 1, 15.25, 2], "texture": "#0"},
				"west": {"uv": [13.5, 9.5, 15.25, 10.5], "texture": "#0"},
				"up": {"uv": [9.75, 13.25, 8.5, 11.5], "texture": "#0"},
				"down": {"uv": [13.75, 11, 12.5, 12.75], "texture": "#0"}
			}
		},
		{
			"name": "hatR",
			"from": [9, 0, 8],
			"to": [11.5, 2, 11.5],
			"faces": {
				"north": {"uv": [14, 4, 15.25, 5], "texture": "#0"},
				"east": {"uv": [10.5, 13.5, 12.25, 14.5], "texture": "#0"},
				"south": {"uv": [14, 5, 15.25, 6], "texture": "#0"},
				"west": {"uv": [14, 0, 15.75, 1], "texture": "#0"},
				"up": {"uv": [1.25, 14.75, 0, 13], "texture": "#0"},
				"down": {"uv": [14.25, 6.5, 13, 8.25], "texture": "#0"}
			}
		},
		{
			"name": "hatT",
			"from": [7.5, 3.5, 7.5],
			"to": [8.5, 4.25, 8.5],
			"faces": {
				"north": {"uv": [3, 8, 3.5, 8.5], "texture": "#0"},
				"east": {"uv": [3, 8.5, 3.5, 9], "texture": "#0"},
				"south": {"uv": [3, 9, 3.5, 9.5], "texture": "#0"},
				"west": {"uv": [9.5, 9, 10, 9.5], "texture": "#0"},
				"up": {"uv": [3, 11, 2.5, 10.5], "texture": "#0"},
				"down": {"uv": [3, 11, 2.5, 11.5], "texture": "#0"}
			}
		},
		{
			"name": "hatBrim",
			"from": [4.5, 0, 1],
			"to": [11.5, 0, 4.5],
			"faces": {
				"north": {"uv": [0, 0, 3.5, 0], "texture": "#0"},
				"east": {"uv": [0, 0, 1.75, 0], "texture": "#0"},
				"south": {"uv": [0, 0, 3.5, 0], "texture": "#0"},
				"west": {"uv": [0, 0, 1.75, 0], "texture": "#0"},
				"up": {"uv": [13, 8.75, 9.5, 7], "texture": "#0"},
				"down": {"uv": [13.5, 9, 10, 10.75], "texture": "#0"}
			}
		},
		{
			"name": "hatSnap",
			"from": [6, 0, 11.6],
			"to": [10, 1, 11.6],
			"faces": {
				"north": {"uv": [9, 4.5, 11, 5], "texture": "#0"},
				"east": {"uv": [0, 0, 0, 0.5], "texture": "#0"},
				"south": {"uv": [13.5, 10.5, 15.5, 11], "texture": "#0"},
				"west": {"uv": [0, 0, 0, 0.5], "texture": "#0"},
				"up": {"uv": [2, 0, 0, 0], "texture": "#0"},
				"down": {"uv": [2, 0, 0, 0], "texture": "#0"}
			}
		},
		{
			"name": "hairPony1",
			"from": [5, 1.5, 9],
			"to": [11, 6, 13.5],
			"rotation": {"angle": 22.5, "axis": "x", "origin": [8, 1.5, 10]},
			"faces": {
				"north": {"uv": [3.5, 7, 6.5, 9.25], "texture": "#0"},
				"east": {"uv": [0, 10.5, 2.25, 12.75], "texture": "#0"},
				"south": {"uv": [6.5, 7, 9.5, 9.25], "texture": "#0"},
				"west": {"uv": [10, 11, 12.25, 13.25], "texture": "#0"},
				"up": {"uv": [3, 10.25, 0, 8], "texture": "#0"},
				"down": {"uv": [12, 0, 9, 2.25], "texture": "#0"}
			}
		},
		{
			"name": "hairPony2",
			"from": [3, -4.98932, 12.52681],
			"to": [13, 0.51068, 12.52681],
			"rotation": {"angle": 0, "axis": "y", "origin": [11, 0.09945, 13.50725]},
			"faces": {
				"north": {"uv": [0, 0, 5, 2.75], "texture": "#0"},
				"east": {"uv": [0, 0, 0, 2.75], "texture": "#0"},
				"south": {"uv": [0, 3, 5, 5.75], "texture": "#0"},
				"west": {"uv": [0, 0, 0, 2.75], "texture": "#0"},
				"up": {"uv": [5, 0, 0, 0], "texture": "#0"},
				"down": {"uv": [5, 0, 0, 0], "texture": "#0"}
			}
		},
		{
			"name": "hairTop",
			"from": [4, 4.97508, 10.32745],
			"to": [12, 9.47508, 10.32745],
			"rotation": {"angle": 0, "axis": "y", "origin": [8, 5, 10.5]},
			"faces": {
				"north": {"uv": [5, 0, 9, 2.25], "texture": "#0"},
				"east": {"uv": [0, 0, 0, 2.25], "texture": "#0"},
				"south": {"uv": [5, 2.5, 9, 4.75], "texture": "#0"},
				"west": {"uv": [0, 0, 0, 2.25], "texture": "#0"},
				"up": {"uv": [4, 0, 0, 0], "texture": "#0"},
				"down": {"uv": [4, 0, 0, 0], "texture": "#0"}
			}
		},
		{
			"name": "hairL",
			"from": [5.05, -5.75, 3],
			"to": [5.05, 0, 6],
			"rotation": {"angle": -45, "axis": "y", "origin": [4.5, 0, 4.25]},
			"faces": {
				"north": {"uv": [0, 0, 0, 3], "texture": "#0"},
				"east": {"uv": [5.5, 11.5, 7, 14.5], "texture": "#0"},
				"south": {"uv": [0, 0, 0, 3], "texture": "#0"},
				"west": {"uv": [7, 11.5, 8.5, 14.5], "texture": "#0"},
				"up": {"uv": [0, 1.5, 0, 0], "texture": "#0"},
				"down": {"uv": [0, 0, 0, 1.5], "texture": "#0"}
			}
		},
		{
			"name": "hairR",
			"from": [10.95, -5.75, 3],
			"to": [10.95, 0, 6],
			"rotation": {"angle": 45, "axis": "y", "origin": [11.5, 0, 4.25]},
			"faces": {
				"north": {"uv": [0, 0, 0, 3], "texture": "#0"},
				"east": {"uv": [2.5, 11.5, 4, 14.5], "texture": "#0"},
				"south": {"uv": [0, 0, 0, 3], "texture": "#0"},
				"west": {"uv": [4, 11.5, 5.5, 14.5], "texture": "#0"},
				"up": {"uv": [0, 1.5, 0, 0], "texture": "#0"},
				"down": {"uv": [0, 0, 0, 1.5], "texture": "#0"}
			}
		}
	],
	"display": {
		"thirdperson_righthand": {
			"rotation": [45, 0, 0],
			"translation": [0, 4.25, 0.75],
			"scale": [0.6, 0.6, 0.6]
		},
		"thirdperson_lefthand": {
			"rotation": [45, 0, 0],
			"translation": [0, 4.25, 0.75],
			"scale": [0.6, 0.6, 0.6]
		},
		"firstperson_righthand": {
			"rotation": [0, 125, 0],
			"translation": [0, 8.75, 0],
			"scale": [0.7, 0.7, 0.7]
		},
		"firstperson_lefthand": {
			"rotation": [0, 125, 0],
			"translation": [0, 8.75, 0],
			"scale": [0.7, 0.7, 0.7]
		},
		"ground": {
			"translation": [0, 3.5, 0],
			"scale": [0.5, 0.5, 0.5]
		},
		"gui": {
			"rotation": [25, 140, 0],
			"translation": [-0.25, 5.5, 0],
			"scale": [0.85, 0.85, 0.85]
		},
		"head": {
			"translation": [0, 16.5, -0.25],
			"scale": [2, 2, 2]
		},
		"fixed": {
			"rotation": [-90, 0, 0],
			"translation": [0, 0, -16],
			"scale": [2, 2, 2]
		}
	},
	"groups": [
		{
			"name": "hat",
			"origin": [0, 0, 0],
			"color": 0,
			"children": [0, 1, 2, 3, 4, 5, 6]
		},
		{
			"name": "hair",
			"origin": [11.5, 0, 4.25],
			"color": 0,
			"children": [7, 8, 9, 10, 11]
		}
	]
}