{
	"credit": "Made with Blockbench",
	"texture_size": [32, 32],
	"textures": {
		"0": "block/custom/barryhair",
		"particle": "block/custom/barryhair"
	},
	"elements": [
		{
			"name": "right",
			"from": [10.5, -1, 7],
			"to": [19.5, 10, 7],
			"rotation": {"angle": -45, "axis": "y", "origin": [10.5, 0, 7.5]},
			"faces": {
				"north": {"uv": [0, 0.5, 4.5, 6], "texture": "#0"},
				"east": {"uv": [0, 0, 0, 5.5], "texture": "#0"},
				"south": {"uv": [4.5, 0, 9, 5.5], "texture": "#0"},
				"west": {"uv": [0, 0, 0, 5.5], "texture": "#0"},
				"up": {"uv": [4.5, 0, 0, 0], "texture": "#0"},
				"down": {"uv": [4.5, 0, 0, 0], "texture": "#0"}
			}
		},
		{
			"name": "left",
			"from": [-3.5, -1, 7],
			"to": [5.5, 10, 7],
			"rotation": {"angle": 45, "axis": "y", "origin": [5.5, 0, 7]},
			"faces": {
				"north": {"uv": [0, 5.5, 4.5, 11], "texture": "#0"},
				"east": {"uv": [0, 0, 0, 5.5], "texture": "#0"},
				"south": {"uv": [4.5, 5.5, 9, 11], "texture": "#0"},
				"west": {"uv": [0, 0, 0, 5.5], "texture": "#0"},
				"up": {"uv": [4.5, 0, 0, 0], "texture": "#0"},
				"down": {"uv": [4.5, 0, 0, 0], "texture": "#0"}
			}
		}
	],
	"display": {
		"head": {
			"translation": [0, 7.5, -0.5],
			"scale": [1.2, 1.2, 1.2]
		}
	}
}