{
	"credit": "Made with Blockbench",
	"texture_size": [32, 32],
	"textures": {
		"0": "block/custom/nhselene",
		"particle": "block/custom/nhselene"
	},
	"elements": [
		{
			"name": "basehat1",
			"from": [4.75, 5.5, 4.5],
			"to": [11.25, 9, 11.5],
			"rotation": {"angle": 0, "axis": "y", "origin": [0, 4.5, 0]},
			"faces": {
				"north": {"uv": [9.5, 6.5, 12.75, 8.25], "texture": "#0"},
				"east": {"uv": [9.5, 2.5, 13, 4.25], "texture": "#0"},
				"south": {"uv": [9.5, 8.5, 12.75, 10.25], "texture": "#0"},
				"west": {"uv": [9.5, 4.5, 13, 6.25], "texture": "#0"},
				"up": {"uv": [3.25, 3.5, 0, 0], "texture": "#0"},
				"down": {"uv": [3.25, 3.5, 0, 7], "texture": "#0"}
			}
		},
		{
			"name": "basehat2",
			"from": [5.25, 7.5, 5.25],
			"to": [10.75, 10, 10.75],
			"rotation": {"angle": 0, "axis": "y", "origin": [8, 12, 8]},
			"faces": {
				"north": {"uv": [10, 10.5, 12.75, 11.75], "texture": "#0"},
				"east": {"uv": [0, 12, 2.75, 13.25], "texture": "#0"},
				"south": {"uv": [3, 12, 5.75, 13.25], "texture": "#0"},
				"west": {"uv": [10, 12, 12.75, 13.25], "texture": "#0"},
				"up": {"uv": [6.25, 7.75, 3.5, 5], "texture": "#0"},
				"down": {"uv": [9.25, 5, 6.5, 7.75], "texture": "#0"}
			}
		},
		{
			"name": "basehat3",
			"from": [6, 9, 6],
			"to": [10, 11.5, 10],
			"rotation": {"angle": 0, "axis": "y", "origin": [8, 12, 8]},
			"faces": {
				"north": {"uv": [13, 11, 15, 12.25], "texture": "#0"},
				"east": {"uv": [13, 12.5, 15, 13.75], "texture": "#0"},
				"south": {"uv": [0, 13.5, 2, 14.75], "texture": "#0"},
				"west": {"uv": [2, 13.5, 4, 14.75], "texture": "#0"},
				"up": {"uv": [8, 12.5, 6, 10.5], "texture": "#0"},
				"down": {"uv": [10, 10.5, 8, 12.5], "texture": "#0"}
			}
		},
		{
			"name": "hatflap_f",
			"from": [6, 11.5, 3],
			"to": [10, 11.5, 6],
			"rotation": {"angle": 22.5, "axis": "x", "origin": [8, 11.5, 6]},
			"faces": {
				"north": {"uv": [0, 0, 2, 0], "texture": "#0"},
				"east": {"uv": [0, 0, 1.5, 0], "texture": "#0"},
				"south": {"uv": [0, 0, 2, 0], "texture": "#0"},
				"west": {"uv": [0, 0, 1.5, 0], "texture": "#0"},
				"up": {"uv": [8, 14, 6, 12.5], "texture": "#0"},
				"down": {"uv": [10, 12.5, 8, 14], "texture": "#0"}
			}
		},
		{
			"name": "hatflap_b",
			"from": [6, 11.5, 10],
			"to": [10, 11.5, 13],
			"rotation": {"angle": -22.5, "axis": "x", "origin": [8, 11.5, 10]},
			"faces": {
				"north": {"uv": [0, 0, 2, 0], "texture": "#0"},
				"east": {"uv": [0, 0, 1.5, 0], "texture": "#0"},
				"south": {"uv": [0, 0, 2, 0], "texture": "#0"},
				"west": {"uv": [0, 0, 1.5, 0], "texture": "#0"},
				"up": {"uv": [15, 9.5, 13, 8], "texture": "#0"},
				"down": {"uv": [15, 9.5, 13, 11], "texture": "#0"}
			}
		},
		{
			"name": "hatflap_l",
			"from": [10, 11.5, 6],
			"to": [13, 11.5, 10],
			"rotation": {"angle": 22.5, "axis": "z", "origin": [10, 11.5, 8]},
			"faces": {
				"north": {"uv": [0, 0, 1.5, 0], "texture": "#0"},
				"east": {"uv": [0, 0, 2, 0], "texture": "#0"},
				"south": {"uv": [0, 0, 1.5, 0], "texture": "#0"},
				"west": {"uv": [0, 0, 2, 0], "texture": "#0"},
				"up": {"uv": [14.5, 2, 13, 0], "texture": "#0"},
				"down": {"uv": [14.5, 2, 13, 4], "texture": "#0"}
			}
		},
		{
			"name": "hatflap_r",
			"from": [3, 11.5, 6],
			"to": [6, 11.5, 10],
			"rotation": {"angle": -22.5, "axis": "z", "origin": [6, 11.5, 8]},
			"faces": {
				"north": {"uv": [0, 0, 1.5, 0], "texture": "#0"},
				"east": {"uv": [0, 0, 2, 0], "texture": "#0"},
				"south": {"uv": [0, 0, 1.5, 0], "texture": "#0"},
				"west": {"uv": [0, 0, 2, 0], "texture": "#0"},
				"up": {"uv": [14.5, 6, 13, 4], "texture": "#0"},
				"down": {"uv": [14.5, 6, 13, 8], "texture": "#0"}
			}
		}
	],
	"display": {
		"thirdperson_righthand": {
			"rotation": [30, 0, 0],
			"translation": [0, 2, 0],
			"scale": [0.8, 0.8, 0.8]
		},
		"thirdperson_lefthand": {
			"rotation": [30, 0, 0],
			"translation": [0, 2, 0],
			"scale": [0.8, 0.8, 0.8]
		},
		"firstperson_righthand": {
			"rotation": [-180, 65, -180],
			"translation": [0, 3.5, 0],
			"scale": [0.8, 0.8, 0.8]
		},
		"firstperson_lefthand": {
			"rotation": [-180, 65, -180],
			"translation": [0, 3.5, 0],
			"scale": [0.8, 0.8, 0.8]
		},
		"ground": {
			"rotation": [40, 0, 0],
			"translation": [0, 1.25, 1],
			"scale": [0.8, 0.8, 0.8]
		},
		"gui": {
			"rotation": [145.62, 35.65, -147.97],
			"translation": [1.25, 0.75, 0]
		},
		"head": {
			"rotation": [10, 0, 0],
			"translation": [0, 6.5, 1],
			"scale": [2.4, 2.4, 2.4]
		},
		"fixed": {
			"rotation": [-90, 0, 0],
			"translation": [0, 0, -4],
			"scale": [2, 2, 2]
		}
	},
	"groups": [
		{
			"name": "hat",
			"origin": [5.5, 11.5, 8],
			"color": 0,
			"children": [0, 1, 2, 3, 4, 5, 6]
		},
		{
			"name": "hair",
			"origin": [8, 4.5, 12],
			"color": 0,
			"children": []
		}
	]
}