{
	"credit": "Made with Blockbench",
	"texture_size": [32, 32],
	"textures": {
		"0": "block/custom/gladionhair",
		"particle": "block/custom/gladionhair"
	},
	"elements": [
		{
			"from": [8, 10, 5.5],
			"to": [8, 16.5, 8.5],
			"rotation": {"angle": -22.5, "axis": "x", "origin": [7, 11, 6.5]},
			"faces": {
				"north": {"uv": [0, 0, 0, 4], "texture": "#0"},
				"east": {"uv": [0, 7, 1.5, 10], "texture": "#0"},
				"south": {"uv": [0, 0, 0, 4], "texture": "#0"},
				"west": {"uv": [1.5, 7, 3, 10], "texture": "#0"},
				"up": {"uv": [0, 1.5, 0, 0], "texture": "#0"},
				"down": {"uv": [0, 0, 0, 1.5], "texture": "#0"}
			}
		},
		{
			"from": [6.75, 0.5, 2.6],
			"to": [14.75, 12, 2.6],
			"rotation": {"angle": 0, "axis": "y", "origin": [9.25, 15, 0.6]},
			"faces": {
				"north": {"uv": [0, 0, 4, 6], "texture": "#0"},
				"east": {"uv": [0, 0, 0, 6], "texture": "#0"},
				"south": {"uv": [4, 0, 8, 6], "texture": "#0"},
				"west": {"uv": [0, 0, 0, 6], "texture": "#0"},
				"up": {"uv": [4, 0, 0, 0], "texture": "#0"},
				"down": {"uv": [4, 0, 0, 0], "texture": "#0"}
			}
		},
		{
			"from": [8.1, 14, 2.2],
			"to": [8.1, 19.5, 6.2],
			"rotation": {"angle": -45, "axis": "x", "origin": [7.1, 15.5, 4.2]},
			"faces": {
				"north": {"uv": [0, 0, 0, 3], "texture": "#0"},
				"east": {"uv": [3, 6, 5, 9], "texture": "#0"},
				"south": {"uv": [0, 0, 0, 3], "texture": "#0"},
				"west": {"uv": [5, 6, 7, 9], "texture": "#0"},
				"up": {"uv": [0, 2, 0, 0], "texture": "#0"},
				"down": {"uv": [0, 0, 0, 2], "texture": "#0"}
			}
		}
	],
	"display": {
		"thirdperson_righthand": {
			"translation": [0, -2, 1],
			"scale": [0.35, 0.35, 0.35]
		},
		"thirdperson_lefthand": {
			"translation": [0, -2, 1],
			"scale": [0.35, 0.35, 0.35]
		},
		"firstperson_righthand": {
			"scale": [0.5, 0.5, 0.5]
		},
		"firstperson_lefthand": {
			"scale": [0.5, 0.5, 0.5]
		},
		"ground": {
			"rotation": [33.08, -2.47, 2.03],
			"translation": [0, 2.25, 0],
			"scale": [0.5, 0.5, 0.5]
		},
		"head": {
			"rotation": [6.25, 0, 0],
			"translation": [0, 0, -0.75],
			"scale": [1.2, 1.2, 1.2]
		}
	}
}