{
  "pools": [
    {
      "rolls": 1,
      "name": "gimmighoul_coins",
      "entries": [
        {
          "type": "item",
          "weight": 1,
          "name": "cobblemon:relic_coin",
          "functions": [
            {
              "function": "set_count",
              "count": {
                "min": 1,
                "max": 3
              }
            },
            {
              "function": "releaserewards:level_bonus",
              "levels_per": 10
            }
          ]
        },
        {
          "type": "item",
          "weight": 1,
          "name": "cobblemon:relic_coin",
          "conditions": [
            {
              "condition": "releaserewards:form",
              "aspects": ["roaming"],
              "invert": true
            }
          ],
          "functions": [
            {
              "function": "set_count",
              "count": {
                "min": 1,
                "max": 10
              }
            },
            {
              "function": "releaserewards:level_bonus",
              "levels_per": 15
            }
          ]
        }
      ]
    }
  ]
}