{
    "enabled": true,
    "neededInstalledMods": [],
    "neededUninstalledMods": [],
    "spawns": [
        {
            "id": "cosmog-1",
            "pokemon": "cosmog",
            "type": "pokemon",
            "context": "grounded",
            "bucket": "ultra-rare",
            "level": "30-50",
            "weight": 1,
            "condition": {
                "canSeeSky": true,
                "biomes": [
                    "#cobblemon:is_floral",
                    "biomesoplenty:mystic_grove",
                    "biomesoplenty:auroral_garden",
                    "terralith:haze_mountains",
                    "terralith:sakura_grove"
                ],
                "timeRange": "any"
			}
		}
    ]
}