{
  "enabled": true,
  "neededInstalledMods": [],
  "neededUninstalledMods": [],
  "spawns": [
    {
      "id": "marshadow-1",
      "pokemon": "marshadow",
      "type": "pokemon",
      "context": "grounded",
      "bucket": "ultra-rare",
      "level": "50-75",
      "weight": 0.6,
      "condition": {
        "canSeeSky": true,
        "biomes": [ 
          "#cobblemon:is_hills",
          "biomesoplenty:ominous_woods",
          "biomesoplenty:dead_forest",
          "biomesoplenty:old_growth_dead_forest",
          "biomesoplenty:mystic_grove",
          "terralith:ashen_savanna",
          "terralith:desert_canyon"
         ]  
      }
    }
  ]
}