{
  "type": "minecraft:crafting_shaped",
  "category": "misc",
  "pattern": [
    "DPD",
    "AXA",
    "ISI"
  ],
  "key": {
    "A": {
		"item": "cobblemon:ability_capsule"
    },
    "P": {
		"item": "minecraft:paper"
    },
	"S": {
		"item": "minecraft:slime_ball"
    },
	"X": {
		"item": "minecraft:experience_bottle"	
	},
	"D": {
		"item": "minecraft:diamond"
	},
	"I": {
		"item": "minecraft:iron_nugget"
	}
  },
  "result": {
    "id": "cobblemon:ability_patch",
    "count": 1
  }
}