{
    "type": "minecraft:crafting_shaped",
    "pattern": [
        "DSD",
        "GHG",
        "DGD"
    ],
    "key": {
        "D": {
            "item": "minecraft:cyan_dye"
        },
        "G": {
            "item": "minecraft:gunpowder"
        },
        "S": {
            "item": "minecraft:string"
        },
        "H": {
            "tag": "mega_showdown:heads"
        }
    },
    "result": {
        "count": 1,
        "id": "mega_showdown:adrenalineorb"
    }
}