{
  "type": "minecraft:crafting_shaped",
  "category": "misc",
  "pattern": [
    "NRN",
    "BAG",
    "NCN"
  ],
  "key": {
    "R": {
      "item": "cobblemon:red_apricorn"
    },
    "B": {
      "item": "cobblemon:blue_apricorn"
    },
	"G": {
      "item": "cobblemon:green_apricorn"
    },
	"N": {
      "item": "minecraft:iron_nugget"
    },
	"C": {
	  "item": "minecraft:calcite"
	},
    "A": {
      "item": "minecraft:amethyst_cluster"
    }	  
  },
  "result": {
    "id": "mega_showdown:reveal_glass",
    "count": 1
  }
}