
{
  "pools": [
    {
      "rolls": 1,
      "entries": [
        {
          "type": "minecraft:loot_table",
          "name": "rctmod:money/rare"
        }
      ]
    },
    {
      "rolls": 1,
      "entries": [
        {
          "type": "minecraft:item",
          "name": "cobblemon:black_belt"
        },
        {
          "type": "minecraft:item",
          "name": "cobblemon:black_glasses"
        },
        {
          "type": "minecraft:item",
          "name": "cobblemon:charcoal_stick"
        },
        {
          "type": "minecraft:item",
          "name": "cobblemon:spell_tag"
        },
        {
          "type": "minecraft:item",
          "name": "cobblemon:dragon_fang"
        },
        {
          "type": "minecraft:item",
          "name": "cobblemon:magnet"
        },
        {
          "type": "minecraft:item",
          "name": "cobblemon:hard_stone"
        },
        {
          "type": "minecraft:item",
          "name": "cobblemon:mystic_water"
        },
        {
          "type": "minecraft:item",
          "name": "cobblemon:miracle_seed"
        },
        {
          "type": "minecraft:item",
          "name": "cobblemon:never_melt_ice"
        },
        {
          "type": "minecraft:item",
          "name": "cobblemon:sharp_beak"
        },
        {
          "type": "minecraft:item",
          "name": "cobblemon:poison_barb"
        },
        {
          "type": "minecraft:item",
          "name": "cobblemon:silk_scarf"
        },
        {
          "type": "minecraft:item",
          "name": "cobblemon:silver_powder"
        },
        {
          "type": "minecraft:item",
          "name": "cobblemon:soft_sand"
        },
        {
          "type": "minecraft:item",
          "name": "cobblemon:twisted_spoon"
        }
      ]
    }
  ],
  "random_sequence": "rctmod:generic/rare/battle"
}