{
  "pools": [
    {
      "rolls": 1,
      "entries": [
        {
          "type": "minecraft:loot_table",
          "name": "rctmod:money/rare"
        }
      ]
    },
    {
      "rolls": 1,
      "entries": [
        {
          "type": "minecraft:item",
          "name": "cobblemon:potion",
          "conditions": [
            {
              "condition": "rctmod:level_range",
              "range": {
                "min": 0,
                "max": 15
              }
            }
          ]
        },
        {
          "type": "minecraft:item",
          "name": "cobblemon:super_potion",
          "conditions": [
            {
              "condition": "rctmod:level_range",
              "range": {
                "min": 16,
                "max": 37
              }
            }
          ]
        },
        {
          "type": "minecraft:item",
          "name": "cobblemon:hyper_potion",
          "conditions": [
            {
              "condition": "rctmod:level_range",
              "range": {
                "min": 38,
                "max": 100
              }
            }
          ]
        },
        {
          "type": "minecraft:item",
          "name": "cobblemon:antidote"
        },
        {
          "type": "minecraft:item",
          "name": "cobblemon:awakening"
        },
        {
          "type": "minecraft:item",
          "name": "cobblemon:burn_heal"
        },
        {
          "type": "minecraft:item",
          "name": "cobblemon:ice_heal"
        },
        {
          "type": "minecraft:item",
          "name": "cobblemon:paralyze_heal"
        },
        {
          "type": "minecraft:item",
          "name": "cobblemon:revive"
        },
        {
          "type": "minecraft:item",
          "name": "cobblemon:ether"
        }
      ]
    }
  ],
  "random_sequence": "rctmod:generic/rare/medicine"
}