{
  "pools": [
    {
      "rolls": 1,
      "entries": [
        {
          "type": "minecraft:loot_table",
          "name": "rctmod:money/rare"
        }
      ]
    },
    {
      "rolls": 1,
      "entries": [
        {
          "type": "minecraft:item",
          "name": "cobblemon:great_ball"
          },
          {
          "type": "minecraft:item",
          "name": "cobblemon:friend_ball"
          },
          {
          "type": "minecraft:item",
          "name": "cobblemon:fast_ball"
          },
          {
          "type": "minecraft:item",
          "name": "cobblemon:love_ball"
          },
          {
          "type": "minecraft:item",
          "name": "cobblemon:moon_ball"
          },
          {
          "type": "minecraft:item",
          "name": "cobblemon:heavy_ball"
          },
          {
          "type": "minecraft:item",
          "name": "cobblemon:level_ball"
          },
          {
          "type": "minecraft:item",
          "name": "cobblemon:lure_ball"
          },
          {
          "type": "minecraft:item",
          "name": "cobblemon:premier_ball"
          }
      ]
    }
  ],
  "random_sequence": "rctmod:generic/rare/pokeballs"
}