{
	"parent": "toms_storage:block/level_emitter_on",
	"display": {
		"thirdperson_righthand": {
			"rotation": [75, 45, 180],
			"translation": [0, 4.5, 0],
			"scale": [0.375, 0.375, 0.375]
		},
		"thirdperson_lefthand": {
			"rotation": [75, 45, 180],
			"translation": [0, 4.5, 0],
			"scale": [0.375, 0.375, 0.375]
		},
		"firstperson_righthand": {
			"rotation": [0, 45, 180],
			"translation": [0, 2, 0],
			"scale": [0.4, 0.4, 0.4]
		},
		"firstperson_lefthand": {
			"rotation": [0, 225, 180],
			"translation": [0, 2, 0],
			"scale": [0.4, 0.4, 0.4]
		},
		"ground": {
			"rotation": [0, 0, 180],
			"translation": [0, 5, 0],
			"scale": [0.25, 0.25, 0.25]
		},
		"gui": {
			"rotation": [30, 225, 180],
			"scale": [0.625, 0.625, 0.625]
		},
		"head": {
			"rotation": [0, 0, 180],
			"translation": [0, 9.25, 0]
		},
		"fixed": {
			"rotation": [0, 0, 180],
			"scale": [0.5, 0.5, 0.5]
		}
	}
}