{
  "pools": [
    {
      "rolls": 1,
      "entries": [
        {
          "type": "minecraft:loot_table",
          "name": "rctmod:money/legendary"
        }
      ]
    },
    {
      "rolls": 1,
      "entries": [
        {
          "type": "minecraft:item",
          "name": "cobblemon:leftovers"
        },
        {
          "type": "minecraft:item",
          "name": "cobblemon:black_sludge"
        },
        {
          "type": "minecraft:item",
          "name": "cobblemon:life_orb"
        },
        {
          "type": "minecraft:item",
          "name": "cobblemon:toxic_orb"
        },
        {
          "type": "minecraft:item",
          "name": "cobblemon:flame_orb"
        },
        {
          "type": "minecraft:item",
          "name": "cobblemon:choice_specs"
        },
        {
          "type": "minecraft:item",
          "name": "cobblemon:choice_scarf"
        },
        {
          "type": "minecraft:item",
          "name": "cobblemon:choice_band"
        }
      ]
    }
  ],
  "random_sequence": "rctmod:generic/legendary/battle"
}