{
  "pools": [
    {
      "rolls": 1,
      "entries": [
        {
          "type": "minecraft:loot_table",
          "name": "rctmod:money/legendary"
        }
      ]
    },
    {
      "rolls": 1,
      "entries": [
        {
          "type": "minecraft:item",
          "name": "cobblemon:potion",
          "conditions": [
            {
              "condition": "rctmod:level_range",
              "range": {
                "min": 0,
                "max": 15
              }
            }
          ]
        },
        {
          "type": "minecraft:item",
          "name": "cobblemon:super_potion",
          "conditions": [
            {
              "condition": "rctmod:level_range",
              "range": {
                "min": 16,
                "max": 37
              }
            }
          ]
        },
        {
          "type": "minecraft:item",
          "name": "cobblemon:hyper_potion",
          "conditions": [
            {
              "condition": "rctmod:level_range",
              "range": {
                "min": 38,
                "max": 49
              }
            }
          ]
        },
        {
          "type": "minecraft:item",
          "name": "cobblemon:max_potion",
          "conditions": [
            {
              "condition": "rctmod:level_range",
              "range": {
                "min": 50,
                "max": 69
              }
            }
          ]
        },
        {
          "type": "minecraft:item",
          "name": "cobblemon:full_restore",
          "conditions": [
            {
              "condition": "rctmod:level_range",
              "range": {
                "min": 70,
                "max": 100
              }
            }
          ]
        },
        {
          "type": "minecraft:item",
          "name": "cobblemon:full_heal"
        },
        {
          "type": "minecraft:item",
          "name": "cobblemon:max_elixir"
        },
        {
          "type": "minecraft:item",
          "name": "cobblemon:max_revive"
        },
        {
          "type": "minecraft:item",
          "name": "cobblemon:x_attack"
        },
        {
          "type": "minecraft:item",
          "name": "cobblemon:x_defence"
        },
        {
          "type": "minecraft:item",
          "name": "cobblemon:x_special_attack"
        },
        {
          "type": "minecraft:item",
          "name": "cobblemon:x_special_defence"
        },
        {
          "type": "minecraft:item",
          "name": "cobblemon:x_accuracy"
        },
        {
          "type": "minecraft:item",
          "name": "cobblemon:x_speed"
        },
        {
          "type": "minecraft:item",
          "name": "cobblemon:guard_spec"
        },
        {
          "type": "minecraft:item",
          "name": "cobblemon:dire_hit"
        },
        {
          "type": "minecraft:item",
          "name": "cobblemon:protein",
          "functions": [
            {
              "function": "minecraft:set_count",
              "count": {
                "min": 1,
                "max": 2
              }
            }
          ]
        },
        {
          "type": "minecraft:item",
          "name": "cobblemon:carbos",
          "functions": [
            {
              "function": "minecraft:set_count",
              "count": {
                "min": 1,
                "max": 2
              }
            }
          ]
        },
        {
          "type": "minecraft:item",
          "name": "cobblemon:iron",
          "functions": [
            {
              "function": "minecraft:set_count",
              "count": {
                "min": 1,
                "max": 2
              }
            }
          ]
        },
        {
          "type": "minecraft:item",
          "name": "cobblemon:hp_up",
          "functions": [
            {
              "function": "minecraft:set_count",
              "count": {
                "min": 1,
                "max": 2
              }
            }
          ]
        },
        {
          "type": "minecraft:item",
          "name": "cobblemon:zinc",
          "functions": [
            {
              "function": "minecraft:set_count",
              "count": {
                "min": 1,
                "max": 2
              }
            }
          ]
        },
        {
          "type": "minecraft:item",
          "name": "cobblemon:calcium",
          "functions": [
            {
              "function": "minecraft:set_count",
              "count": {
                "min": 1,
                "max": 2
              }
            }
          ]
        },
        {
          "type": "minecraft:item",
          "name": "cobblemon:pp_max"
        },
        {
          "type": "minecraft:item",
          "name": "cobblemon:exp_candy_xs"
        },
        {
          "type": "minecraft:item",
          "name": "cobblemon:exp_candy_s"
        },
        {
          "type": "minecraft:item",
          "name": "cobblemon:exp_candy_m"
        },
        {
          "type": "minecraft:item",
          "name": "cobblemon:exp_candy_l"
        },
        {
          "type": "minecraft:item",
          "name": "cobblemon:exp_candy_xl"
        },
        {
          "type": "minecraft:item",
          "name": "cobblemon:rare_candy"
        }
      ]
    }
  ],
  "random_sequence": "rctmod:generic/legendary/medicine"
}