{
  "pools": [
    {
      "rolls": 1,
      "entries": [
        {
          "type": "minecraft:loot_table",
          "name": "rctmod:money/legendary"
        }
      ]
    },
    {
      "rolls": 1,
      "entries": [
        {
          "type": "minecraft:item",
          "name": "cobblemon:remedy",
          "conditions": [
            {
              "condition": "rctmod:level_range",
              "range": {
                "min": 0,
                "max": 23
              }
            }
          ]
        },
        {
          "type": "minecraft:item",
          "name": "cobblemon:fine_remedy",
          "conditions": [
            {
              "condition": "rctmod:level_range",
              "range": {
                "min": 24,
                "max": 43
              }
            }
          ]
        },
        {
          "type": "minecraft:item",
          "name": "cobblemon:superb_remedy",
          "conditions": [
            {
              "condition": "rctmod:level_range",
              "range": {
                "min": 44,
                "max": 100
              }
            }
          ]
        },
        {
          "type": "minecraft:item",
          "name": "cobblemon:surprise_mulch"
        },
        {
          "type": "minecraft:item",
          "name": "cobblemon:heal_powder"
        },
        {
          "type": "minecraft:item",
          "name": "cobblemon:vivichoke"
        },
        {
          "type": "minecraft:item",
          "name": "cobblemon:vivichoke_seeds"
        },
        {
          "type": "minecraft:item",
          "name": "cobblemon:energy_root"
        },
        {
          "type": "minecraft:item",
          "name": "cobblemon:big_root"
        },
        {
          "type": "minecraft:item",
          "name": "cobblemon:red_mint_seeds"
        },
        {
          "type": "minecraft:item",
          "name": "cobblemon:blue_mint_seeds"
        },
        {
          "type": "minecraft:item",
          "name": "cobblemon:white_mint_seeds"
        },
        {
          "type": "minecraft:item",
          "name": "cobblemon:cyan_mint_seeds"
        },
        {
          "type": "minecraft:item",
          "name": "cobblemon:pink_mint_seeds"
        },
        {
          "type": "minecraft:item",
          "name": "cobblemon:green_mint_seeds"
        },
        {
          "type": "minecraft:item",
          "name": "cobblemon:pep_up_flower",
          "functions": [
            {
              "function": "minecraft:set_count",
              "count": {
                "min": 1,
                "max": 3
              }
            }
          ]
        },
        {
          "type": "minecraft:item",
          "name": "cobblemon:medicinal_leek",
          "functions": [
            {
              "function": "minecraft:set_count",
              "count": {
                "min": 1,
                "max": 3
              }
            }
          ]
        },
        {
          "type": "minecraft:item",
          "name": "cobblemon:revival_herb"
        },
        {
          "type": "minecraft:item",
          "name": "cobblemon:red_apricorn_seed"
        },
        {
          "type": "minecraft:item",
          "name": "cobblemon:yellow_apricorn_seed"
        },
        {
          "type": "minecraft:item",
          "name": "cobblemon:green_apricorn_seed"
        },
        {
          "type": "minecraft:item",
          "name": "cobblemon:blue_apricorn_seed"
        },
        {
          "type": "minecraft:item",
          "name": "cobblemon:pink_apricorn_seed"
        },
        {
          "type": "minecraft:item",
          "name": "cobblemon:black_apricorn_seed"
        },
        {
          "type": "minecraft:item",
          "name": "cobblemon:white_apricorn_seed"
        },
        {
          "type": "minecraft:item",
          "name": "cobblemon:mental_herb"
        },
        {
          "type": "minecraft:item",
          "name": "cobblemon:power_herb"
        },
        {
          "type": "minecraft:item",
          "name": "cobblemon:white_herb"
        },
        {
          "type": "minecraft:item",
          "name": "cobblemon:mirror_herb"
        }
      ]
    }
  ],
  "random_sequence": "rctmod:generic/legendary/nature"
}