{
  "pools": [
    {
      "rolls": 1,
      "name": "xp_candy",
      "entries": [
        {
          "type": "empty",
          "weight": 4
        },
        {
          "type": "item",
          "weight": 4,
          "name": "cobblemon:exp_candy_xs",
          "conditions": [
            {
              "condition": "releaserewards:value_range",
              "value_type": "level",
              "range": {
                "min": 1,
                "max": 20
              }
            }
          ],
          "functions": [
            {
              "function": "set_count",
              "count": {
                "min": 1,
                "max": 3
              }
            }
          ]
        },
        {
          "type": "item",
          "weight": 3,
          "name": "cobblemon:exp_candy_s",
          "conditions": [
            {
              "condition": "releaserewards:value_range",
              "value_type": "level",
              "range": {
                "min": 16,
                "max": 35
              }
            }
          ],
          "functions": [
            {
              "function": "set_count",
              "count": {
                "min": 1,
                "max": 3
              }
            }
          ]
        },
        {
          "type": "item",
          "weight": 3,
          "name": "cobblemon:exp_candy_m",
          "conditions": [
            {
              "condition": "releaserewards:value_range",
              "value_type": "level",
              "range": {
                "min": 31,
                "max": 50
              }
            }
          ],
          "functions": [
            {
              "function": "set_count",
              "count": {
                "min": 1,
                "max": 3
              }
            }
          ]
        },
        {
          "type": "item",
          "weight": 2,
          "name": "cobblemon:exp_candy_l",
          "conditions": [
            {
              "condition": "releaserewards:value_range",
              "value_type": "level",
              "range": {
                "min": 46,
                "max": 75
              }
            }
          ],
          "functions": [
            {
              "function": "set_count",
              "count": {
                "min": 1,
                "max": 3
              }
            }
          ]
        },
        {

          "type": "item",
          "weight": 2,
          "name": "cobblemon:exp_candy_xl",
          "conditions": [
            {
              "condition": "releaserewards:value_range",
              "value_type": "level",
              "range": {
                "min": 71,
                "max": 100
              }
            }
          ],
          "functions": [
            {
              "function": "set_count",
              "count": {
                "min": 1,
                "max": 3
              }
            }
          ]
        },
        {
          "type": "releaserewards:stats_weighted",
          "weight": 8,
          "subset": "base",
          "items": {
            "hp": {"id": "cobblemon:health_feather"},
            "atk": {"id": "cobblemon:muscle_feather"},
            "def": {"id": "cobblemon:resist_feather"},
            "spa": {"id": "cobblemon:genius_feather"},
            "spd": {"id": "cobblemon:clever_feather"},
            "spe": {"id": "cobblemon:swift_feather"}
          },
          "functions": [
            {
              "function": "set_count",
              "count": {
                "min": 2,
                "max": 4
              }
            },
            {
              "function": "releaserewards:level_bonus",
              "levels_per": 8
            }
          ]
        },
        {
          "type": "releaserewards:stats_weighted",
          "weight": 4,
          "subset": "base",
          "items": {
            "hp": {"id": "cobblemon:hp_up"},
            "atk": {"id": "cobblemon:protein"},
            "def": {"id": "cobblemon:iron"},
            "spa": {"id": "cobblemon:calcium"},
            "spd": {"id": "cobblemon:zinc"},
            "spe": {"id": "cobblemon:carbos"}
          },
          "conditions": [
            {
              "condition": "releaserewards:value_range",
              "value_type": "level",
              "range": {
                "min": 60,
                "max": 100
              }
            }
          ],
          "functions": [
            {
              "function": "set_count",
              "count": {
                "min": 1,
                "max": 2
              }
            },
            {
              "function": "releaserewards:level_bonus",
              "starting_at": 60,
              "levels_per": 25
            }
          ]
        }
      ]
    }
  ]
}