{
	"credit": "Made by LeftChaotix",
	"parent": "block/block",
	"texture_size": [32, 32],
	"textures": {
		"0": "toms_storage:block/terminal_back",
		"1": "toms_storage:block/terminal_side",
		"2": "toms_storage:block/terminal_front",
		"4": "toms_storage:block/terminal_keyboard",
		"particle": "toms_storage:block/inventory_block"
	},
	"elements": [
		{
			"name": "top",
			"from": [0, 14, 5],
			"to": [16, 16, 6],
			"faces": {
				"east": {"uv": [5, 0, 6, 2], "texture": "#1"},
				"south": {"uv": [0, 0, 16, 2], "texture": "#2"},
				"west": {"uv": [5, 0, 6, 2], "texture": "#1"},
				"up": {"uv": [5, 0, 6, 16], "rotation": 90, "texture": "#1"},
				"down": {"uv": [5, 0, 6, 16], "rotation": 90, "texture": "#1"}
			}
		},
		{
			"name": "top",
			"from": [0, 0, 5],
			"to": [2, 2, 6],
			"faces": {
				"east": {"uv": [5, 14, 6, 16], "texture": "#1"},
				"south": {"uv": [0, 14, 2, 16], "texture": "#2"},
				"west": {"uv": [5, 14, 6, 16], "texture": "#1"},
				"up": {"uv": [5, 0, 6, 16], "rotation": 90, "texture": "#1"},
				"down": {"uv": [5, 0, 6, 2], "rotation": 90, "texture": "#1"}
			}
		},
		{
			"name": "top",
			"from": [14, 0, 5],
			"to": [16, 2, 6],
			"faces": {
				"east": {"uv": [5, 14, 6, 16], "texture": "#1"},
				"south": {"uv": [14, 14, 16, 16], "texture": "#2"},
				"west": {"uv": [5, 14, 6, 16], "texture": "#1"},
				"up": {"uv": [5, 0, 6, 16], "rotation": 90, "texture": "#1"},
				"down": {"uv": [5, 14, 6, 16], "rotation": 90, "texture": "#1"}
			}
		},
		{
			"name": "right",
			"from": [14, 2, 5],
			"to": [16, 14, 6],
			"faces": {
				"east": {"uv": [5, 2, 6, 14], "texture": "#1"},
				"south": {"uv": [14, 2, 16, 14], "texture": "#2"},
				"west": {"uv": [6, 2, 7, 14], "texture": "#1"}
			}
		},
		{
			"name": "right",
			"from": [0, 2, 5],
			"to": [2, 14, 6],
			"faces": {
				"east": {"uv": [6, 2, 7, 14], "texture": "#1"},
				"south": {"uv": [0, 2, 2, 14], "texture": "#2"},
				"west": {"uv": [5, 2, 6, 14], "texture": "#1"}
			}
		},
		{
			"from": [0, 0, 0],
			"to": [16, 16, 5],
			"faces": {
				"north": {"uv": [0, 0, 16, 16], "texture": "#0"},
				"east": {"uv": [5, 0, 0, 16], "texture": "#1"},
				"south": {"uv": [0, 0, 16, 16], "texture": "#2"},
				"west": {"uv": [0, 0, 5, 16], "texture": "#1"},
				"up": {"uv": [0, 0, 5, 16], "rotation": 90, "texture": "#1"},
				"down": {"uv": [0, 0, 5, 16], "rotation": 270, "texture": "#1"}
			}
		},
		{
			"from": [2, 0, 5.1],
			"to": [14, 2, 10.1],
			"rotation": {"angle": 0, "axis": "y", "origin": [0, 0, 0.1]},
			"faces": {
				"east": {"uv": [0, 3.5, 2.5, 4.5], "texture": "#4"},
				"south": {"uv": [0, 2.5, 6, 3.5], "texture": "#4"},
				"west": {"uv": [2.5, 3.5, 5, 4.5], "texture": "#4"},
				"up": {"uv": [6, 2.5, 0, 0], "texture": "#4"},
				"down": {"uv": [12, 0, 6, 2.5], "texture": "#4"}
			}
		},
		{
			"from": [2.75, 2, 5.35],
			"to": [13.25, 2.25, 9.1],
			"rotation": {"angle": 0, "axis": "y", "origin": [0.75, 2, 0.35]},
			"faces": {
				"east": {"uv": [9.5, 0, 10.5, 2.5], "texture": "#4"},
				"south": {"uv": [0, 2.5, 6, 3.5], "texture": "#4"},
				"west": {"uv": [10, 0, 11, 2.5], "texture": "#4"},
				"up": {"uv": [7.5, 11, 1.5, 8.5], "texture": "#4"},
				"down": {"uv": [7.5, 11.5, 1.5, 14], "texture": "#4"}
			}
		}
	],
	"display": {
		"gui": {
			"rotation": [30, 45, 0],
			"translation": [2, -1, 0],
			"scale": [0.625, 0.625, 0.625]
		},
		"fixed": {
			"rotation": [0, 180, 0],
			"translation": [0, 0, -2],
			"scale": [0.5, 0.5, 0.5]
		}
	},
	"groups": [
		0,
		1,
		2,
		3,
		4,
		5,
		{
			"name": "group",
			"origin": [0, 0, 0.1],
			"color": 0,
			"children": [6, 7]
		}
	]
}