{
    "pools": [
        {
            "rolls": 1,
            "entries": [
                {
                    "type": "item",
                    "name": "cobblemon:ground_gem",
                    "conditions": [
                        {
                            "condition": "releaserewards:value_range",
                            "value_type": "level",
                            "range": {
                                "min": 10,
                                "max": 49
                            }
                        },
                        {
                            "condition": "random_chance",
                            "chance": 0.3
                        }
                    ]
                },
                {
                    "type": "item",
                    "name": "cobblemon:ground_gem",
                    "conditions": [
                        {
                            "condition": "releaserewards:value_range",
                            "value_type": "level",
                            "range": {
                                "min": 50,
                                "max": 100
                            }
                        }
                    ]
                }
            ]
        }
    ]
}
}