{
  "pools": [
    {
      "rolls": 1,
      "entries": [
        {
          "type": "minecraft:loot_table",
          "name": "rctmod:money/uncommon"
        }
      ]
    },
    {
      "rolls": 1,
      "entries": [
        {
          "type": "minecraft:item",
          "name": "cobblemon:remedy",
          "conditions": [
            {
              "condition": "rctmod:level_range",
              "range": {
                "min": 0,
                "max": 23
              }
            }
          ]
        },
        {
          "type": "minecraft:item",
          "name": "cobblemon:fine_remedy",
          "conditions": [
            {
              "condition": "rctmod:level_range",
              "range": {
                "min": 24,
                "max": 43
              }
            }
          ]
        },
        {
          "type": "minecraft:item",
          "name": "cobblemon:superb_remedy",
          "conditions": [
            {
              "condition": "rctmod:level_range",
              "range": {
                "min": 44,
                "max": 100
              }
            }
          ]
        },
        {
          "type": "minecraft:item",
          "name": "cobblemon:pep_up_flower",
          "functions": [
            {
              "function": "minecraft:set_count",
              "count": {
                "min": 1,
                "max": 3
              }
            }
          ]
        },
        {
          "type": "minecraft:item",
          "name": "cobblemon:medicinal_leek",
          "functions": [
            {
              "function": "minecraft:set_count",
              "count": {
                "min": 1,
                "max": 3
              }
            }
          ]
        }
      ]
    },
    {
      "rolls": 1,
      "entries": [
        {
          "type": "minecraft:item",
          "name": "cobblemon:red_apricorn",
          "functions": [
            {
              "function": "minecraft:set_count",
              "count": {
                "min": 1,
                "max": 3
              }
            }
          ]
        },
        {
          "type": "minecraft:item",
          "name": "cobblemon:white_apricorn",
          "functions": [
            {
              "function": "minecraft:set_count",
              "count": {
                "min": 1,
                "max": 3
              }
            }
          ]
        }
      ]
    },
    {
      "rolls": 1,
      "entries": [
        {
          "type": "minecraft:item",
          "name": "cobblemon:growth_mulch"
        },
        {
          "type": "minecraft:item",
          "name": "cobblemon:rich_mulch"
        },
        {
          "type": "minecraft:item",
          "name": "cobblemon:mulch_base"
        },
        {
          "type": "minecraft:item",
          "name": "cobblemon:sandy_mulch"
        },
        {
          "type": "minecraft:item",
          "name": "cobblemon:loamy_mulch"
        },
        {
          "type": "minecraft:item",
          "name": "cobblemon:coarse_mulch"
        },
        {
          "type": "minecraft:item",
          "name": "cobblemon:peat_mulch"
        },
        {
          "type": "minecraft:item",
          "name": "cobblemon:humid_mulch"
        }
      ]
    }
  ],
  "random_sequence": "rctmod:generic/uncommon/nature"
}