{
  "enabled": true,
  "neededInstalledMods": [],
  "neededUninstalledMods": [],
  "spawns": [
    {
      "id": "thundurus-1",
      "pokemon": "thundurus",
      "presets": [ "water" ],
      "type": "pokemon",
      "context": "surface",
      "bucket": "ultra-rare",
      "level": "50-70",
      "weight": 0.5,
      "condition": {
        "isThundering": true,
        "biomes": [
          "#cobblemon:is_ocean",
          "#cobblemon:is_cold_ocean"
        ]
      }
    }
  ]
}
