{
    "type": "minecraft:crafting_shaped",
    "pattern": [
        "SG ",
        "DAD",
        " D "
    ],
    "key": {
        "S": {
            "item": "minecraft:string"
        },
        "G": {
            "item": "minecraft:gold_ingot"
        },
        "D": {
            "item": "minecraft:diamond"
        },
        "A": {
            "item": "cobblemon:ability_shield"
        }
    },
    "result": {
        "count": 1,
        "id": "mega_showdown:clear_amulet"
    }
}