{
    "type": "minecraft:crafting_shaped",
    "pattern": [
        "PGS",
        "GCG",
        "PGS"
    ],
    "key": {
        "P": {
            "item": "cobblemon:water_gem"
        },
        "S": {
            "item": "cobblemon:dragon_gem"
        },
        "G": {
            "item": "minecraft:tinted_glass"
        },
        "C": {
            "item": "minecraft:dragon_breath"
        }
    },
    "result": {
        "count": 1,
        "id": "mega_showdown:lustrous_orb"
    }
}