{
  "type": "minecraft:crafting_shaped",
  "category": "misc",
  "pattern": [
    "PAR",
    "AMA",
    "LAS"
  ],
  "key": {
    "M": {
      "item": "mega_showdown:mega_stone"
    },
    "A": {
      "item": "minecraft:amethyst_shard"
    },
	"P": {
      "item": "cobblemon:steel_gem"
    },
	"S": {
      "item": "cobblemon:psychic_gem"
    },
	"L": {
      "item": "minecraft:yellow_dye"
    },
	"R": {
      "item": "minecraft:light_gray_dye"
    }
  },
  "result": {
    "id": "mega_showdown:metagrossite",
    "count": 1
  }
}