{
    "type": "minecraft:crafting_shaped",
    "pattern": [
        "XAY",
        "LRL",
        "GGG"
    ],
    "key": {
        "R": {
            "item": "minecraft:respawn_anchor"
        },
        "G": {
            "item": "minecraft:gold_ingot"
        },
		"L": {
			"item": "minecraft:lapis_lazuli"
		},
		"X": {
			"item": "cobblemon:ghost_gem"
		},
		"Y": {
			"item": "cobblemon:dark_gem"
		},
		"A": {
			"item": "minecraft:amethyst_cluster"
		}
    },
    "result": {
        "id": "mega_showdown:prison_bottle",
        "count": 1
    }
}