{
  "criteria": {
    "defeat_leader_sabrina": {
      "conditions": {
        "count": 1,
        "entity": {
          "type": null
        },
        "trainer_ids": [
          "leader_sabrina_01a4"
        ],
        "trainer_type": null
      },
      "trigger": "rctmod:defeat_count"
    }
  },
  "display": {
    "announce_to_chat": true,
    "background": null,
    "description": {
      "text": "Defeat Leader Sabrina"
    },
    "frame": "goal",
    "hidden": false,
    "icon": {
      "id": "pkgbadges:the_marsh_badge"
    },
    "show_toast": true,
    "title": {
      "text": "Marsh Badge"
    }
  },
  "parent": "rctmod:trainers/defeat_boss_giovanni_2",
  "requirements": [
    [
      "defeat_leader_sabrina"
    ]
  ]
}