{
  "criteria": {
    "defeat_leader_blaine": {
      "conditions": {
        "count": 1,
        "entity": {
          "type": null
        },
        "trainer_ids": [
          "leader_blaine_01a3"
        ],
        "trainer_type": null
      },
      "trigger": "rctmod:defeat_count"
    }
  },
  "display": {
    "announce_to_chat": true,
    "background": null,
    "description": {
      "text": "Defeat Leader Blaine"
    },
    "frame": "goal",
    "hidden": false,
    "icon": {
      "id": "pkgbadges:the_volcano_badge"
    },
    "show_toast": true,
    "title": {
      "text": "Volcano Badge"
    }
  },
  "parent": "rctmod:trainers/defeat_trainer_may",
  "requirements": [
    [
      "defeat_leader_blaine"
    ]
  ]
}