{
  "criteria": {
    "defeat_gym_leader_wake_1": {
      "conditions": {
        "count": 1,
        "entity": {
          "type": null
        },
        "trainer_ids": [
          "gym_leader_wake_03d7"
        ],
        "trainer_type": null
      },
      "trigger": "rctmod:defeat_count"
    }
  },
  "display": {
    "announce_to_chat": true,
    "background": null,
    "description": {
      "text": "Defeat Gym Leader Wake"
    },
    "frame": "goal",
    "hidden": false,
    "icon": {
      "id": "pkgbadges:the_fen_badge"
    },
    "show_toast": true,
    "title": {
      "text": "Fen Badge"
    }
  },
  "parent": "rctmod:trainers/defeat_gym_leader_maylene_1",
  "requirements": [
    [
      "defeat_gym_leader_wake_1"
    ]
  ]
}