{
  "criteria": {
    "defeat_gym_leader_candice_1": {
      "conditions": {
        "count": 1,
        "entity": {
          "type": null
        },
        "trainer_ids": [
          "gym_leader_candice_03da"
        ],
        "trainer_type": null
      },
      "trigger": "rctmod:defeat_count"
    }
  },
  "display": {
    "announce_to_chat": true,
    "background": null,
    "description": {
      "text": "Defeat Gym Leader Candice"
    },
    "frame": "goal",
    "hidden": false,
    "icon": {
      "id": "pkgbadges:the_icicle_badge"
    },
    "show_toast": true,
    "title": {
      "text": "Icicle Badge"
    }
  },
  "parent": "rctmod:trainers/defeat_commander_mars_2",
  "requirements": [
    [
      "defeat_gym_leader_candice_1"
    ]
  ]
}