{
  "pools": [
    {
      "rolls": 1,
      "entries": [
        {
          "type": "minecraft:loot_table",
          "name": "rctmod:money/epic"
        }
      ]
    },
    {
      "rolls": 1,
      "entries": [
        {
          "type": "minecraft:item",
          "name": "cobblemon:remedy",
          "conditions": [
            {
              "condition": "rctmod:level_range",
              "range": {
                "min": 0,
                "max": 23
              }
            }
          ]
        },
        {
          "type": "minecraft:item",
          "name": "cobblemon:fine_remedy",
          "conditions": [
            {
              "condition": "rctmod:level_range",
              "range": {
                "min": 24,
                "max": 43
              }
            }
          ]
        },
        {
          "type": "minecraft:item",
          "name": "cobblemon:superb_remedy",
          "conditions": [
            {
              "condition": "rctmod:level_range",
              "range": {
                "min": 44,
                "max": 100
              }
            }
          ]
        },
        {
          "type": "minecraft:item",
          "name": "cobblemon:vivichoke_seeds"
        },
        {
          "type": "minecraft:item",
          "name": "cobblemon:energy_root"
        },
        {
          "type": "minecraft:item",
          "name": "cobblemon:surprise_mulch"
        },
        {
          "type": "minecraft:item",
          "name": "cobblemon:heal_powder"
        },
        {
          "type": "minecraft:item",
          "name": "cobblemon:pep_up_flower",
          "functions": [
            {
              "function": "minecraft:set_count",
              "count": {
                "min": 1,
                "max": 3
              }
            }
          ]
        },
        {
          "type": "minecraft:item",
          "name": "cobblemon:medicinal_leek",
          "functions": [
            {
              "function": "minecraft:set_count",
              "count": {
                "min": 1,
                "max": 3
              }
            }
          ]
        },
        {
          "type": "minecraft:item",
          "name": "cobblemon:revival_herb"
        },
        {
          "type": "minecraft:item",
          "name": "cobblemon:mental_herb"
        },
        {
          "type": "minecraft:item",
          "name": "cobblemon:white_herb"
        },
        {
          "type": "minecraft:item",
          "name": "cobblemon:power_herb"
        },
        {
          "type": "minecraft:item",
          "name": "cobblemon:green_apricorn"
        },
        {
          "type": "minecraft:item",
          "name": "cobblemon:blue_apricorn"
        },
        {
          "type": "minecraft:item",
          "name": "cobblemon:pink_apricorn"
        },
        {
          "type": "minecraft:item",
          "name": "cobblemon:black_apricorn"
        },
        {
          "type": "minecraft:item",
          "name": "cobblemon:white_apricorn"
        },
        {
          "type": "minecraft:item",
          "name": "cobblemon:red_apricorn"
        },
        {
          "type": "minecraft:item",
          "name": "cobblemon:yellow_apricorn"
        },
        {
          "type": "minecraft:item",
          "name": "cobblemon:red_apricorn_seed"
        },
        {
          "type": "minecraft:item",
          "name": "cobblemon:white_apricorn_seed"
        },
        {
          "type": "minecraft:item",
          "name": "cobblemon:lonely_mint"
        },
        {
          "type": "minecraft:item",
          "name": "cobblemon:bold_mint"
        },
        {
          "type": "minecraft:item",
          "name": "cobblemon:calm_mint"
        },
        {
          "type": "minecraft:item",
          "name": "cobblemon:timid_mint"
        },
        {
          "type": "minecraft:item",
          "name": "cobblemon:serious_mint"
        },
        {
          "type": "minecraft:item",
          "name": "cobblemon:adamant_mint"
        },
        {
          "type": "minecraft:item",
          "name": "cobblemon:naughty_mint"
        },
        {
          "type": "minecraft:item",
          "name": "cobblemon:brave_mint"
        },
        {
          "type": "minecraft:item",
          "name": "cobblemon:impish_mint"
        },
        {
          "type": "minecraft:item",
          "name": "cobblemon:lax_mint"
        },
        {
          "type": "minecraft:item",
          "name": "cobblemon:relaxed_mint"
        },
        {
          "type": "minecraft:item",
          "name": "cobblemon:modest_mint"
        },
        {
          "type": "minecraft:item",
          "name": "cobblemon:mild_mint"
        },
        {
          "type": "minecraft:item",
          "name": "cobblemon:rash_mint"
        },
        {
          "type": "minecraft:item",
          "name": "cobblemon:quiet_mint"
        },
        {
          "type": "minecraft:item",
          "name": "cobblemon:calm_mint"
        },
        {
          "type": "minecraft:item",
          "name": "cobblemon:gentle_mint"
        },
        {
          "type": "minecraft:item",
          "name": "cobblemon:careful_mint"
        },
        {
          "type": "minecraft:item",
          "name": "cobblemon:sassy_mint"
        },
        {
          "type": "minecraft:item",
          "name": "cobblemon:hasty_mint"
        },
        {
          "type": "minecraft:item",
          "name": "cobblemon:jolly_mint"
        },
        {
          "type": "minecraft:item",
          "name": "cobblemon:naive_mint"
        }
      ]
    }
  ],
  "random_sequence": "rctmod:generic/epic/nature"
}