{
  "type": "minecraft:block",
  "pools": [
    {
      "bonus_rolls": 0,
      "entries": [
        {
          "type": "minecraft:alternatives",
          "children": [
            {
              "type": "minecraft:item",
              "conditions": [
                {
                  "condition": "minecraft:match_tool",
                  "predicate": {
                    "predicates": {
                      "minecraft:enchantments": [
                        {
                          "enchantments": "minecraft:silk_touch",
                          "levels": {
                            "min": 1
                          }
                        }
                      ]
                    }
                  }
                }
              ],
              "name": "mega_showdown:mega_stone_crystal"
            },
            {
				"type": "minecraft:tag",
				"expand": true,
				"conditions": [
					{
						"condition": "minecraft:survives_explosion"
					}
				],
				"name": "mega_showdown:mega_stones"
			}
          ]
        }
      ],
      "rolls": 1
    }
  ],
  "random_sequence": "mega_showdown:blocks/mega_stone_crystal"
}