{
  "type": "minecraft:gift",
  "pools": [
    {
      "entries": [
        {
          "type": "minecraft:item",
          "name": "minecraft:torchflower_seeds"
        },
        {
          "type": "minecraft:item",
          "name": "minecraft:pitcher_pod"
        },
        {
          "type": "minecraft:item",
          "name": "mega_showdown:gracidea_flower",
          "conditions": [
            {
              "condition": "minecraft:random_chance",
              "chance": 0.01
            }
          ]
        },
        {
          "type": "minecraft:item",
          "name": "mega_showdown:rusted_sword",
          "conditions": [
            {
              "condition": "minecraft:random_chance",
              "chance": 0.05
            }
          ]
        },
        {
          "type": "minecraft:item",
          "name": "mega_showdown:rusted_shield",
          "conditions": [
            {
              "condition": "minecraft:random_chance",
              "chance": 0.05
            }
          ]
        }
      ],
      "rolls": 1
    }
  ]
}