{
	"format_version": "1.12.0",
	"minecraft:geometry": [
		{
			"description": {
				"identifier": "geometry.mew",
				"texture_width": 64,
				"texture_height": 64,
				"visible_bounds_width": 6,
				"visible_bounds_height": 4,
				"visible_bounds_offset": [0, 1, 0]
			},
			"bones": [
				{
					"name": "mew2",
					"pivot": [0, 0, 0]
				},
				{
					"name": "body",
					"parent": "mew2",
					"pivot": [0, 10, 0]
				},
				{
					"name": "torso",
					"parent": "body",
					"pivot": [0, 8.25852, 2.1897],
					"cubes": [
						{"origin": [-2.5, 6, 0.5], "size": [5, 6, 4], "inflate": 0.01, "uv": [0, 14]},
						{"origin": [-2, 6, -0.5], "size": [4, 4, 4], "pivot": [-0.5, 8, 1.75], "rotation": [15, 0, 0], "uv": [22, 14]}
					]
				},
				{
					"name": "upper_torso",
					"parent": "torso",
					"pivot": [0, 11.4, 2.5],
					"cubes": [
						{"origin": [-2, 11.4, 0.5], "size": [4, 4, 4], "uv": [25, 25]}
					]
				},
				{
					"name": "arms",
					"parent": "upper_torso",
					"pivot": [0, 2.4, 0]
				},
				{
					"name": "arm_left",
					"parent": "arms",
					"pivot": [2, 12.4, 2],
					"cubes": [
						{"origin": [1, 11.9, 1], "size": [4, 1, 2], "uv": [39, 16]}
					]
				},
				{
					"name": "paw_left",
					"parent": "arm_left",
					"pivot": [4.75, 12.4, 2],
					"cubes": [
						{"origin": [4.75, 11.9, 1], "size": [2, 1, 2], "inflate": 0.01, "uv": [42, 47]}
					]
				},
				{
					"name": "arm_right",
					"parent": "arms",
					"pivot": [-2, 12.4, 2],
					"cubes": [
						{"origin": [-5, 11.9, 1], "size": [4, 1, 2], "uv": [39, 0]}
					]
				},
				{
					"name": "paw_right",
					"parent": "arm_right",
					"pivot": [-4.75, 12.4, 2],
					"cubes": [
						{"origin": [-6.75, 11.9, 1], "size": [2, 1, 2], "inflate": 0.01, "uv": [47, 41]}
					]
				},
				{
					"name": "head",
					"parent": "upper_torso",
					"pivot": [0, 14.4, 2.5],
					"cubes": [
						{"origin": [-4, 14.4, -1], "size": [8, 6, 7], "uv": [0, 0]}
					]
				},
				{
					"name": "eyes",
					"parent": "head",
					"pivot": [0, 2.4, 0]
				},
				{
					"name": "eye_left",
					"parent": "eyes",
					"pivot": [2.94444, 17.95556, -0.83333],
					"cubes": [
						{"origin": [4, 18.15, -1], "size": [0, 1, 1], "inflate": 0.01, "uv": [0, 25]},
						{"origin": [3, 18.15, -1], "size": [1, 1, 0], "inflate": 0.01, "uv": [3, 0]},
						{"origin": [4, 16.4, -1], "size": [0, 2, 2], "inflate": 0.02, "uv": [0, 0]},
						{"origin": [3, 16.4, -1], "size": [1, 2, 0], "inflate": 0.03, "uv": [0, 14]},
						{"origin": [1.75, 18.15, -1], "size": [2, 1, 0], "inflate": 0.02, "uv": [22, 23]},
						{"origin": [1.25, 16.4, -1], "size": [2, 2, 0], "inflate": 0.04, "uv": [31, 11]},
						{"origin": [1.5, 16.4, -1], "size": [1, 2, 0], "inflate": 0.05, "uv": [0, 34]},
						{"origin": [1.75, 17.65, -1], "size": [1, 1, 0], "inflate": 0.06, "uv": [27, 23]}
					]
				},
				{
					"name": "blink_left",
					"parent": "eye_left",
					"pivot": [2.46, 17.9, 0],
					"cubes": [
						{"origin": [0.86, 16.4, -0.9], "size": [3, 3, 2], "inflate": 0.07, "uv": [38, 21]}
					]
				},
				{
					"name": "eye_right",
					"parent": "eyes",
					"pivot": [-2.94444, 17.95556, -0.83333],
					"cubes": [
						{"origin": [-3.25, 16.4, -1], "size": [2, 2, 0], "inflate": 0.04, "uv": [21, 14]},
						{"origin": [-2.75, 17.65, -1], "size": [1, 1, 0], "inflate": 0.06, "uv": [27, 5]},
						{"origin": [-4, 16.4, -1], "size": [1, 2, 0], "inflate": 0.03, "uv": [31, 5]},
						{"origin": [-3.75, 18.15, -1], "size": [2, 1, 0], "inflate": 0.02, "uv": [0, 5]},
						{"origin": [-2.5, 16.4, -1], "size": [1, 2, 0], "inflate": 0.05, "uv": [9, 25]},
						{"origin": [-4, 16.4, -1], "size": [0, 2, 2], "inflate": 0.02, "uv": [18, 29]},
						{"origin": [-4, 18.15, -1], "size": [1, 1, 0], "inflate": 0.01, "uv": [24, 5]},
						{"origin": [-4, 18.15, -1], "size": [0, 1, 1], "inflate": 0.01, "uv": [15, 14]}
					]
				},
				{
					"name": "blink_right",
					"parent": "eye_right",
					"pivot": [-2.46, 17.9, 0],
					"cubes": [
						{"origin": [-3.86, 16.4, -0.9], "size": [3, 3, 2], "inflate": 0.07, "uv": [0, 37]}
					]
				},
				{
					"name": "ears",
					"parent": "head",
					"pivot": [0, 2.4, 0]
				},
				{
					"name": "ear_left",
					"parent": "ears",
					"pivot": [3.26913, 20.20649, 2.75],
					"cubes": [
						{"origin": [1.76913, 18.70649, 1.75], "size": [3, 3, 2], "pivot": [3.26913, 20.20649, 2.75], "rotation": [-18.58597, -7.52076, 43.73235], "uv": [33, 39]}
					]
				},
				{
					"name": "ear_right",
					"parent": "ears",
					"pivot": [-3.26913, 20.20649, 2.75],
					"cubes": [
						{"origin": [-4.76913, 18.70649, 1.75], "size": [3, 3, 2], "pivot": [-3.26913, 20.20649, 2.75], "rotation": [-18.58597, 7.52076, -43.73235], "uv": [11, 39]}
					]
				},
				{
					"name": "snoot",
					"parent": "head",
					"pivot": [0, 15.8076, -0.91318],
					"cubes": [
						{"origin": [-2.5, 14.8, -2.5], "size": [5, 2, 2], "pivot": [0, 16.3, -1.5], "rotation": [10, 0, 0], "uv": [24, 0]}
					]
				},
				{
					"name": "tail",
					"parent": "torso",
					"pivot": [0, 7.5, 4.5]
				},
				{
					"name": "tail_seg1",
					"parent": "tail",
					"pivot": [0, 7.5, 4.25],
					"cubes": [
						{"origin": [-0.5, 7, 4.25], "size": [1, 1, 3], "uv": [24, 45]}
					]
				},
				{
					"name": "tail_seg2",
					"parent": "tail_seg1",
					"pivot": [0, 7.5, 7.25],
					"cubes": [
						{"origin": [-0.5, 7, 7.25], "size": [1, 1, 3], "uv": [15, 45]}
					]
				},
				{
					"name": "tail_seg3",
					"parent": "tail_seg2",
					"pivot": [0, 7.5, 10.25],
					"cubes": [
						{"origin": [-0.5, 7, 10.25], "size": [1, 1, 3], "uv": [45, 9]}
					]
				},
				{
					"name": "tail_seg4",
					"parent": "tail_seg3",
					"pivot": [0, 7.5, 13.25],
					"cubes": [
						{"origin": [-0.5, 7, 13.25], "size": [1, 1, 3], "uv": [6, 45]}
					]
				},
				{
					"name": "tail_seg5",
					"parent": "tail_seg4",
					"pivot": [0, 7.5, 16.25],
					"cubes": [
						{"origin": [-0.5, 7, 16.25], "size": [1, 1, 3], "uv": [0, 43]}
					]
				},
				{
					"name": "tail_seg6",
					"parent": "tail_seg5",
					"pivot": [0, 7.5, 19.25],
					"cubes": [
						{"origin": [-0.5, 7, 19.25], "size": [1, 1, 3], "uv": [41, 42]}
					]
				},
				{
					"name": "tail_seg7",
					"parent": "tail_seg6",
					"pivot": [0, 7.5, 22.25],
					"cubes": [
						{"origin": [-0.5, 7, 22.25], "size": [1, 1, 3], "uv": [42, 27]}
					]
				},
				{
					"name": "tail_seg8",
					"parent": "tail_seg7",
					"pivot": [0, 7.5, 25.25],
					"cubes": [
						{"origin": [-0.5, 7, 25.25], "size": [1, 1, 3], "uv": [22, 40]}
					]
				},
				{
					"name": "tail_seg9",
					"parent": "tail_seg8",
					"pivot": [0, 7.5, 28.25],
					"cubes": [
						{"origin": [-0.5, 7, 28.25], "size": [1, 1, 3], "uv": [40, 4]}
					]
				},
				{
					"name": "tail_tip",
					"parent": "tail_seg9",
					"pivot": [0, 7.5, 31.25],
					"cubes": [
						{"origin": [-0.5, 7, 31.25], "size": [1, 2, 1], "uv": [0, 50]},
						{"origin": [-0.5, 7, 36.25], "size": [1, 2, 2], "uv": [25, 57]},
						{"origin": [-0.5, 7, 32.25], "size": [1, 3, 4], "uv": [10, 53]}
					]
				},
				{
					"name": "legs",
					"parent": "body",
					"pivot": [0, 3, 0]
				},
				{
					"name": "leg_left",
					"parent": "legs",
					"pivot": [3, 7.5, 2.5],
					"cubes": [
						{"origin": [2, 5, 0.5], "size": [2, 4, 4], "inflate": 0.02, "uv": [0, 25]}
					]
				},
				{
					"name": "ankle_left",
					"parent": "leg_left",
					"pivot": [3, 5, 2.5],
					"cubes": [
						{"origin": [2, 3.5, 1.5], "size": [2, 2, 2], "uv": [45, 32]}
					]
				},
				{
					"name": "foot_left",
					"parent": "ankle_left",
					"pivot": [3, 3.75, 2.5],
					"cubes": [
						{"origin": [2, 3, -0.5], "size": [2, 1, 4], "inflate": 0.01, "uv": [22, 34]},
						{"origin": [2.5, 3, -0.5], "size": [1, 0, 3], "inflate": 0.02, "uv": [45, 37]}
					]
				},
				{
					"name": "toes_left",
					"parent": "foot_left",
					"pivot": [3, 3.5, -0.5],
					"cubes": [
						{"origin": [1.5, 3, -3.5], "size": [3, 1, 3], "uv": [35, 11]}
					]
				},
				{
					"name": "leg_right",
					"parent": "legs",
					"pivot": [-3, 7.5, 2.5],
					"cubes": [
						{"origin": [-4, 5, 0.5], "size": [2, 4, 4], "inflate": 0.02, "uv": [9, 30]}
					]
				},
				{
					"name": "ankle_right",
					"parent": "leg_right",
					"pivot": [-3, 5, 2.5],
					"cubes": [
						{"origin": [-4, 3.5, 1.5], "size": [2, 2, 2], "uv": [33, 45]}
					]
				},
				{
					"name": "foot_right",
					"parent": "ankle_right",
					"pivot": [-3, 3.75, 2.5],
					"cubes": [
						{"origin": [-4, 3, -0.5], "size": [2, 1, 4], "inflate": 0.01, "uv": [31, 5]},
						{"origin": [-3.5, 3, -0.5], "size": [1, 0, 3], "inflate": 0.02, "uv": [15, 14]}
					]
				},
				{
					"name": "toes_right",
					"parent": "foot_right",
					"pivot": [-3, 3.5, -0.5],
					"cubes": [
						{"origin": [-4.5, 3, -3.5], "size": [3, 1, 3], "uv": [35, 34]}
					]
				}
			]
		}
	]
}