{
    "feature": "create:zinc_ore",
    "placement": [
      {
        "type": "minecraft:count",
        "count": 0
      },
      {
        "type": "minecraft:in_square"
      },
      {
        "type": "minecraft:height_range",
        "height": {
          "type": "minecraft:uniform",
          "max_inclusive": {
            "absolute": -62
          },
          "min_inclusive": {
            "absolute": -63
          }
        }
      },
      {
        "type": "create:config_filter"
      }
    ]
  }